train/ent_coef_loss,train/actor_loss,rollout/success_rate,time/episodes,time/time_elapsed,train/critic_loss,train/n_updates,time/total_timesteps,train/learning_rate,train/ent_coef,rollout/ep_len_mean,time/fps,rollout/ep_rew_mean
-0.09652075171470642,-3.100862503051758,0.25,4,5,0.07642127573490143,65,166,0.0003,0.9809795618057251,41.5,31,-41.25
-0.3996920883655548,-3.6613166332244873,0.125,8,22,0.03871515020728111,265,366,0.0003,0.9238444566726685,45.75,16,-45.625
-0.7052810192108154,-4.124482154846191,0.08333333333333333,12,41,0.03879278153181076,465,566,0.0003,0.870014488697052,47.166666666666664,13,-47.083333333333336
-0.8700885772705078,-4.333028316497803,0.1875,16,57,0.05194377899169922,575,676,0.0003,0.8417617678642273,42.25,11,-42.0625
-1.0501163005828857,-4.4974799156188965,0.25,20,66,0.10433748364448547,695,796,0.0003,0.8119898438453674,39.8,11,-39.55
-1.3541584014892578,-4.849348545074463,0.20833333333333334,24,87,0.05606352910399437,895,996,0.0003,0.7647039294242859,41.5,11,-41.291666666666664
-1.5883734226226807,-5.047012805938721,0.21428571428571427,28,106,0.13914594054222107,1053,1154,0.0003,0.729297935962677,41.214285714285715,10,-41.0
-1.8971505165100098,-5.234683513641357,0.1875,32,128,0.03289420157670975,1253,1354,0.0003,0.6868205666542053,42.3125,10,-42.125
-2.1856584548950195,-5.3118720054626465,0.19444444444444445,36,150,0.030048958957195282,1440,1541,0.0003,0.6493398547172546,42.80555555555556,10,-42.611111111111114
-2.477787494659424,-5.358861446380615,0.175,40,172,0.07022380828857422,1640,1741,0.0003,0.6115180253982544,43.525,10,-43.35
-2.726177215576172,-5.3155083656311035,0.18181818181818182,44,193,0.05453534051775932,1807,1908,0.0003,0.5816452503204346,43.36363636363637,9,-43.18181818181818
-3.0408012866973877,-5.2315521240234375,0.16666666666666666,48,216,0.19975528120994568,2007,2108,0.0003,0.5477866530418396,43.916666666666664,9,-43.75
-3.272289276123047,-5.216849327087402,0.17307692307692307,52,236,0.022755224257707596,2164,2265,0.0003,0.522598922252655,43.55769230769231,9,-43.38461538461539
-3.525665521621704,-5.078860282897949,0.17857142857142858,56,253,0.02049044892191887,2327,2428,0.0003,0.4976663291454315,43.357142857142854,9,-43.17857142857143
-3.8100223541259766,-4.837394714355469,0.16666666666666666,60,274,0.01996558904647827,2527,2628,0.0003,0.4686890244483948,43.8,9,-43.63333333333333
-4.115823268890381,-4.638876914978027,0.171875,64,299,0.05880109965801239,2717,2818,0.0003,0.4427262246608734,44.03125,9,-43.859375
-4.4167327880859375,-4.263075828552246,0.16176470588235295,68,327,0.04378072917461395,2917,3018,0.0003,0.41695544123649597,44.38235294117647,9,-44.220588235294116
-4.708581924438477,-3.9281954765319824,0.1527777777777778,72,358,0.033151812851428986,3117,3218,0.0003,0.39267992973327637,44.69444444444444,8,-44.541666666666664
-4.955681324005127,-3.669466257095337,0.15789473684210525,76,378,0.038543544709682465,3268,3369,0.0003,0.3752942383289337,44.328947368421055,8,-44.171052631578945
-5.21952486038208,-3.227205991744995,0.15,80,409,0.01791246235370636,3468,3569,0.0003,0.35344403982162476,44.6125,8,-44.4625
-5.509215831756592,-2.8440451622009277,0.15476190476190477,84,426,0.016062455251812935,3640,3741,0.0003,0.3356741666793823,44.535714285714285,8,-44.38095238095238
-5.8261237144470215,-2.4335174560546875,0.14772727272727273,88,443,0.006761048920452595,3840,3941,0.0003,0.3161342442035675,44.78409090909091,8,-44.63636363636363
-6.02678108215332,-2.0182430744171143,0.15217391304347827,92,461,0.00913286954164505,3995,4096,0.0003,0.3017710745334625,44.52173913043478,8,-44.369565217391305
-6.320559978485107,-1.4753468036651611,0.14583333333333334,96,481,0.006869838107377291,4195,4296,0.0003,0.28419581055641174,44.75,8,-44.604166666666664
-6.58495569229126,-1.0790728330612183,0.15,100,505,0.005628329701721668,4360,4461,0.0003,0.2704712152481079,44.61,8,-44.46
-6.820624828338623,-0.619645357131958,0.15,104,521,0.005922870710492134,4521,4622,0.0003,0.2577183246612549,44.56,8,-44.41
-7.212798595428467,-0.09860492497682571,0.15,108,532,0.00860889907926321,4721,4822,0.0003,0.24270491302013397,44.56,9,-44.41
-7.482505798339844,0.47636544704437256,0.15,112,546,0.004646961577236652,4921,5022,0.0003,0.22856669127941132,44.56,9,-44.41
-7.631582260131836,0.8716801404953003,0.15,116,555,0.0041586048901081085,5052,5153,0.0003,0.21975360810756683,44.77,9,-44.62
-7.937607288360596,1.3715492486953735,0.14,120,564,0.030456826090812683,5226,5327,0.0003,0.2085721343755722,45.31,9,-45.17
-8.194430351257324,1.9655534029006958,0.14,124,574,0.04202736169099808,5426,5527,0.0003,0.19642381370067596,45.31,9,-45.17
-8.440500259399414,2.4679245948791504,0.14,128,584,0.05786886811256409,5578,5679,0.0003,0.1876668930053711,45.25,9,-45.11
-8.728230476379395,2.928109884262085,0.15,132,594,0.0376238152384758,5731,5832,0.0003,0.17924806475639343,44.78,9,-44.63
-8.959123611450195,3.574378490447998,0.14,136,607,0.008013201877474785,5931,6032,0.0003,0.16881631314754486,44.91,9,-44.77
-9.292012214660645,4.147202968597412,0.14,140,622,0.1343453824520111,6131,6232,0.0003,0.15899595618247986,44.91,10,-44.77
-9.578307151794434,4.873393535614014,0.13,144,633,0.012655374594032764,6331,6432,0.0003,0.14975224435329437,45.24,10,-45.11
-9.745762825012207,5.44373893737793,0.14,148,642,0.08963990956544876,6490,6591,0.0003,0.1427985429763794,44.83,10,-44.69
-9.8466157913208,5.772207736968994,0.15,152,649,0.018757902085781097,6599,6700,0.0003,0.13823100924491882,44.35,10,-44.2
-10.055866241455078,6.4170098304748535,0.14,156,661,0.24670282006263733,6799,6900,0.0003,0.13025633990764618,44.72,10,-44.58
-10.33815860748291,7.107640743255615,0.14,160,670,0.3412950038909912,6999,7100,0.0003,0.12280292809009552,44.72,10,-44.58
-10.478322982788086,7.778124809265137,0.13,164,684,0.03391916677355766,7199,7300,0.0003,0.11581982672214508,44.82,10,-44.69
-10.518171310424805,8.313631057739258,0.15,168,692,0.03459407389163971,7335,7436,0.0003,0.1113370954990387,44.18,10,-44.03
-10.552324295043945,8.708946228027344,0.17,172,700,0.3232482075691223,7451,7552,0.0003,0.10768687725067139,43.34,10,-43.17
-10.823488235473633,9.220173835754395,0.17,176,714,0.04204954952001572,7609,7710,0.0003,0.1029186099767685,43.41,10,-43.24
-10.56420612335205,9.621650695800781,0.18,180,724,1.2614649534225464,7761,7862,0.0003,0.0986078754067421,42.93,10,-42.75
-10.672426223754883,10.1801118850708,0.18,184,735,0.32065728306770325,7914,8015,0.0003,0.09449822455644608,42.74,10,-42.56
-10.33447265625,10.751409530639648,0.19,188,744,0.0512717142701149,8072,8173,0.0003,0.09046806395053864,42.32,10,-42.13
-10.345407485961914,11.217045783996582,0.2,192,753,1.1284359693527222,8207,8308,0.0003,0.08719617873430252,42.12,11,-41.92
-9.762907981872559,11.465581893920898,0.22,196,763,0.6848369836807251,8329,8430,0.0003,0.08440109342336655,41.34,11,-41.12
-10.723991394042969,11.953790664672852,0.23,200,773,0.6404271125793457,8439,8540,0.0003,0.0820031389594078,40.79,11,-40.56
-9.85402774810791,12.60042953491211,0.22,204,790,0.09078355878591537,8639,8740,0.0003,0.07788366079330444,41.18,11,-40.96
-9.623798370361328,12.807400703430176,0.25,208,797,0.9365736246109009,8716,8817,0.0003,0.07637456059455872,39.95,11,-39.7
-9.78141975402832,13.318161010742188,0.26,212,809,0.08872219920158386,8885,8986,0.0003,0.07318747043609619,39.64,11,-39.38
-9.379752159118652,13.568548202514648,0.27,216,815,0.48055922985076904,8955,9056,0.0003,0.07192189991474152,39.03,11,-38.76
-9.506503105163574,13.879334449768066,0.27,220,826,0.4982348084449768,9107,9208,0.0003,0.0692899227142334,38.81,11,-38.54
-9.004902839660645,14.316564559936523,0.28,224,837,0.12228181213140488,9261,9362,0.0003,0.06679081916809082,38.35,11,-38.07
-7.991240501403809,14.711942672729492,0.27,228,857,0.1358339786529541,9461,9562,0.0003,0.06369516253471375,38.83,11,-38.56
-8.572896003723145,15.154376983642578,0.28,232,867,0.14668351411819458,9575,9676,0.0003,0.06200288608670235,38.44,11,-38.16
-7.870011806488037,15.20753288269043,0.31,236,873,1.261790156364441,9644,9745,0.0003,0.06101086363196373,37.13,11,-36.82
-8.187127113342285,15.512699127197266,0.32,240,885,1.440446376800537,9799,9900,0.0003,0.05887933075428009,36.68,11,-36.36
-7.813887596130371,15.923579216003418,0.35,244,894,1.2181419134140015,9916,10017,0.0003,0.057318419218063354,35.85,11,-35.5
-7.902575492858887,16.589160919189453,0.35,248,906,0.7870680093765259,10096,10197,0.0003,0.05497914180159569,36.06,11,-35.71
-7.6783037185668945,16.583131790161133,0.36,252,910,1.4305963516235352,10156,10257,0.0003,0.05423225089907646,35.57,11,-35.21
-7.252105712890625,16.52110481262207,0.4,256,914,0.15442918241024017,10214,10315,0.0003,0.053528886288404465,34.15,11,-33.75
-7.611332893371582,16.578065872192383,0.44,260,916,1.1066646575927734,10246,10347,0.0003,0.053151387721300125,32.47,11,-32.03
-7.234778881072998,16.823415756225586,0.48,264,918,0.6939353942871094,10281,10382,0.0003,0.05272752419114113,30.82,11,-30.34
-6.773989200592041,16.888830184936523,0.49,268,925,1.7794523239135742,10392,10493,0.0003,0.051448605954647064,30.57,11,-30.08
-6.656742095947266,16.894325256347656,0.51,272,930,1.59822416305542,10452,10553,0.0003,0.05079713091254234,30.01,11,-29.5
-7.782567501068115,16.783912658691406,0.54,276,932,2.348313808441162,10484,10585,0.0003,0.05045641213655472,28.75,11,-28.21
-6.790807247161865,17.141408920288086,0.54,280,945,1.5412092208862305,10640,10741,0.0003,0.048732515424489975,28.79,11,-28.25
-6.414494514465332,17.48854637145996,0.56,284,952,0.7195614576339722,10733,10834,0.0003,0.04775474965572357,28.19,11,-27.63
-6.832642555236816,17.628774642944336,0.57,288,959,0.9558658599853516,10858,10959,0.0003,0.04650408402085304,27.86,11,-27.29
-7.180751323699951,17.76207160949707,0.58,292,964,0.22965389490127563,10917,11018,0.0003,0.04591694101691246,27.1,11,-26.52
-5.99665641784668,17.871265411376953,0.58,296,973,2.881321668624878,11039,11140,0.0003,0.04473349452018738,27.1,11,-26.52
-5.245457172393799,18.227689743041992,0.57,300,982,0.9869812726974487,11193,11294,0.0003,0.043338749557733536,27.54,11,-26.97
-5.204748153686523,18.165767669677734,0.61,304,984,3.368610143661499,11243,11344,0.0003,0.04291944205760956,26.04,11,-25.43
-5.211614608764648,18.38425064086914,0.61,308,989,1.1234498023986816,11317,11418,0.0003,0.0423119030892849,26.01,11,-25.4
-3.152425765991211,17.981618881225586,0.64,312,991,1.2633082866668701,11345,11446,0.0003,0.04209012910723686,24.6,11,-23.96
-4.866133689880371,18.14703369140625,0.65,316,994,0.9667558073997498,11380,11481,0.0003,0.041844677180051804,24.25,11,-23.6
-4.971030235290527,18.241527557373047,0.67,320,999,1.0898423194885254,11466,11567,0.0003,0.04117061197757721,23.59,11,-22.92
-4.294471263885498,18.329391479492188,0.69,324,1002,0.6236445903778076,11529,11630,0.0003,0.04069223254919052,22.68,11,-21.99
-4.073564052581787,18.28087043762207,0.72,328,1005,2.8018362522125244,11602,11703,0.0003,0.04014531522989273,21.41,11,-20.69
-3.5623905658721924,18.2785587310791,0.72,332,1012,0.3705933690071106,11727,11828,0.0003,0.03927523270249367,21.52,11,-20.8
-4.376679420471191,18.401447296142578,0.72,336,1016,2.919804096221924,11796,11897,0.0003,0.03881349787116051,21.52,11,-20.8
-4.833047866821289,18.51845359802246,0.75,340,1019,2.0473382472991943,11841,11942,0.0003,0.038481712341308594,20.42,11,-19.67
-2.5845720767974854,18.645580291748047,0.76,344,1023,2.355618476867676,11896,11997,0.0003,0.038110777735710144,19.8,11,-19.04
-3.936221122741699,18.09821319580078,0.78,348,1028,3.6543965339660645,11961,12062,0.0003,0.037736859172582626,18.65,11,-17.87
-4.036933898925781,18.238059997558594,0.79,352,1031,2.0864744186401367,12005,12106,0.0003,0.037469666451215744,18.49,11,-17.7
-3.7493371963500977,18.59175682067871,0.78,356,1036,2.3630218505859375,12068,12169,0.0003,0.03707854449748993,18.54,11,-17.76
-2.8313534259796143,18.67809295654297,0.78,360,1039,2.427030563354492,12116,12217,0.0003,0.03680533170700073,18.7,11,-17.92
-2.3325881958007812,18.395132064819336,0.78,364,1042,3.8933000564575195,12160,12261,0.0003,0.03654901310801506,18.79,11,-18.01
-4.300955772399902,18.451169967651367,0.79,368,1044,3.01399564743042,12186,12287,0.0003,0.0364065058529377,17.94,11,-17.15
-3.639113664627075,18.634618759155273,0.79,372,1045,1.790204644203186,12217,12318,0.0003,0.03622424975037575,17.65,11,-16.86
-2.6922991275787354,18.296464920043945,0.79,376,1046,2.753694534301758,12230,12331,0.0003,0.03614535182714462,17.46,11,-16.67
-2.9011645317077637,18.294248580932617,0.82,380,1048,2.0925230979919434,12262,12363,0.0003,0.03597458451986313,16.22,11,-15.4
-3.2112996578216553,18.381006240844727,0.83,384,1049,4.289316177368164,12281,12382,0.0003,0.03587738424539566,15.48,11,-14.65
-1.883642554283142,18.51429557800293,0.85,388,1051,0.4366527497768402,12311,12412,0.0003,0.03571486100554466,14.53,11,-13.68
-2.4193084239959717,18.501602172851562,0.86,392,1052,0.6596362590789795,12336,12437,0.0003,0.03559000417590141,14.19,11,-13.33
-3.145583152770996,18.457683563232422,0.88,396,1053,2.123032569885254,12350,12451,0.0003,0.03552879020571709,13.11,11,-12.23
-1.7100694179534912,18.68113136291504,0.91,400,1055,3.390251874923706,12367,12468,0.0003,0.035456568002700806,11.74,11,-10.83
-2.125431776046753,18.30699920654297,0.91,404,1058,4.723960876464844,12394,12495,0.0003,0.03534118831157684,11.51,11,-10.6
-1.7591965198516846,17.95785140991211,0.92,408,1062,2.847175359725952,12418,12519,0.0003,0.03524564951658249,11.01,11,-10.09
-2.866647243499756,18.336994171142578,0.92,412,1066,2.462277412414551,12466,12567,0.0003,0.03505387157201767,11.21,11,-10.29
-2.0869598388671875,18.14789390563965,0.92,416,1068,3.557126045227051,12485,12586,0.0003,0.03498304635286331,11.05,11,-10.13
-1.5052005052566528,18.189451217651367,0.93,420,1071,5.445584297180176,12516,12617,0.0003,0.03486109524965286,10.5,11,-9.57
-2.7501583099365234,18.13237190246582,0.94,424,1073,4.155428409576416,12538,12639,0.0003,0.03477141261100769,10.09,11,-9.15
-1.6117031574249268,18.23503875732422,0.95,428,1079,3.4931180477142334,12608,12709,0.0003,0.034519013017416,10.06,11,-9.11
-1.2665973901748657,17.763633728027344,0.97,432,1081,5.544357776641846,12632,12733,0.0003,0.034435905516147614,9.05,11,-8.08
-0.3766922056674957,17.956405639648438,0.98,436,1082,3.796720027923584,12644,12745,0.0003,0.03439686447381973,8.48,11,-7.5
0.2620702385902405,18.298084259033203,0.98,440,1084,3.687896966934204,12667,12768,0.0003,0.034335874021053314,8.26,11,-7.28
-1.2585043907165527,17.6083927154541,0.98,444,1086,2.867091178894043,12691,12792,0.0003,0.034282635897397995,7.95,11,-6.97
-0.40839964151382446,17.783653259277344,0.99,448,1087,1.6537683010101318,12713,12814,0.0003,0.03420964255928993,7.52,11,-6.53
-1.5989298820495605,18.025712966918945,0.99,452,1088,5.371344089508057,12725,12826,0.0003,0.03417903929948807,7.2,11,-6.21
-1.060986876487732,18.110336303710938,1.0,456,1091,2.3338165283203125,12774,12875,0.0003,0.03406611084938049,7.06,11,-6.06
-0.4796188175678253,18.49150848388672,1.0,460,1093,3.0874314308166504,12793,12894,0.0003,0.03402695059776306,6.77,11,-5.77
-1.1266313791275024,18.20696258544922,1.0,464,1094,2.576669692993164,12815,12916,0.0003,0.033992230892181396,6.55,11,-5.55
-0.6288406848907471,17.870159149169922,1.0,468,1096,1.5021450519561768,12837,12938,0.0003,0.03393629938364029,6.51,11,-5.51
-2.35894513130188,17.717384338378906,1.0,472,1097,3.3830978870391846,12857,12958,0.0003,0.03389305621385574,6.4,11,-5.4
-1.0399750471115112,18.207847595214844,1.0,476,1099,3.290804624557495,12878,12979,0.0003,0.033833812922239304,6.48,11,-5.48
-0.9236136674880981,17.788326263427734,1.0,480,1100,4.110992431640625,12896,12997,0.0003,0.033806655555963516,6.34,11,-5.34
-0.5119455456733704,17.556819915771484,1.0,484,1102,4.621462345123291,12922,13023,0.0003,0.033760733902454376,6.41,11,-5.41
0.549618124961853,17.371501922607422,1.0,488,1103,3.9850456714630127,12941,13042,0.0003,0.03372424468398094,6.3,11,-5.3
0.17611633241176605,17.873319625854492,1.0,492,1105,3.539893865585327,12962,13063,0.0003,0.033734411001205444,6.26,11,-5.26
1.1416141986846924,17.28508949279785,1.0,496,1106,3.83066725730896,12983,13084,0.0003,0.03373442590236664,6.33,11,-5.33
-1.3382710218429565,16.958675384521484,1.0,500,1108,4.478233337402344,13006,13107,0.0003,0.03374963626265526,6.39,11,-5.39
-0.9344236850738525,17.387807846069336,0.99,504,1112,5.2817487716674805,13070,13171,0.0003,0.033702775835990906,6.76,11,-5.77
-0.4920966327190399,17.227561950683594,0.99,508,1113,3.7638728618621826,13084,13185,0.0003,0.03369817137718201,6.66,11,-5.67
-0.7297493815422058,17.19666862487793,0.99,512,1114,3.4747371673583984,13103,13204,0.0003,0.03369353711605072,6.37,11,-5.38
1.064476728439331,17.074499130249023,0.98,516,1119,1.9804229736328125,13163,13264,0.0003,0.03369389846920967,6.78,11,-5.8
-0.05647292733192444,17.056867599487305,0.98,520,1121,3.077483892440796,13193,13294,0.0003,0.03372080996632576,6.77,11,-5.79
0.3617262840270996,16.99162483215332,0.98,524,1122,6.171656131744385,13207,13308,0.0003,0.033726148307323456,6.69,11,-5.71
-0.42474886775016785,17.370298385620117,0.98,528,1126,2.5392932891845703,13268,13369,0.0003,0.0338221900165081,6.6,11,-5.62
0.46087512373924255,16.576793670654297,0.98,532,1127,2.2547075748443604,13293,13394,0.0003,0.03384306654334068,6.61,11,-5.63
-0.043805934488773346,16.804359436035156,0.98,536,1131,4.392481803894043,13335,13436,0.0003,0.03389577195048332,6.91,11,-5.93
-0.45629167556762695,16.653148651123047,0.98,540,1133,1.6801719665527344,13353,13454,0.0003,0.03391340374946594,6.86,11,-5.88
0.7516692280769348,16.56307029724121,0.98,544,1134,5.119812965393066,13368,13469,0.0003,0.0339258573949337,6.77,11,-5.79
1.2511684894561768,16.40396499633789,0.98,548,1136,3.3007514476776123,13391,13492,0.0003,0.033976100385189056,6.78,11,-5.8
1.4935556650161743,16.233692169189453,0.98,552,1137,1.4588028192520142,13405,13506,0.0003,0.0340193510055542,6.8,11,-5.82
0.9289548397064209,16.471763610839844,0.98,556,1138,5.1393890380859375,13419,13520,0.0003,0.03406593203544617,6.45,11,-5.47
1.53857421875,16.33769416809082,0.98,560,1140,4.856614112854004,13436,13537,0.0003,0.03415003418922424,6.43,11,-5.45
0.5087788105010986,16.907447814941406,0.98,564,1141,3.9169836044311523,13449,13550,0.0003,0.0342186875641346,6.34,11,-5.36
0.9352273344993591,16.256677627563477,0.98,568,1142,2.799001693725586,13463,13564,0.0003,0.03426725044846535,6.26,11,-5.28
1.660569667816162,16.279891967773438,0.98,572,1143,3.1266770362854004,13479,13580,0.0003,0.03432394564151764,6.22,11,-5.24
2.802623987197876,16.371109008789062,0.98,576,1145,2.845299005508423,13501,13602,0.0003,0.034415338188409805,6.23,11,-5.25
2.060939311981201,15.829780578613281,0.98,580,1146,1.8230409622192383,13511,13612,0.0003,0.03447386622428894,6.15,11,-5.17
1.7607636451721191,15.68802261352539,0.96,584,1155,2.341702461242676,13616,13717,0.0003,0.035146564245224,6.94,11,-5.98
1.6779601573944092,15.62458610534668,0.95,588,1163,2.3733692169189453,13677,13778,0.0003,0.035513512790203094,7.36,11,-6.41
2.487220048904419,15.766879081726074,0.95,592,1166,1.7596864700317383,13701,13802,0.0003,0.03567570447921753,7.39,11,-6.44
2.509861469268799,15.40572452545166,0.95,596,1169,2.2831649780273438,13726,13827,0.0003,0.035861093550920486,7.43,11,-6.48
2.0045077800750732,15.59713077545166,0.95,600,1171,2.133124828338623,13742,13843,0.0003,0.035989124327898026,7.36,11,-6.41
2.7876596450805664,14.774446487426758,0.95,604,1177,2.5057532787323,13807,13908,0.0003,0.03652789443731308,7.37,11,-6.42
2.008800506591797,14.731122970581055,0.95,608,1178,2.1449737548828125,13820,13921,0.0003,0.036647431552410126,7.36,11,-6.41
2.954904556274414,14.656816482543945,0.95,612,1179,2.2621536254882812,13833,13934,0.0003,0.0367521233856678,7.3,11,-6.35
3.1879019737243652,15.0543212890625,0.96,616,1181,2.4848179817199707,13856,13957,0.0003,0.03696037828922272,6.93,11,-5.97
3.8581275939941406,14.677217483520508,0.96,620,1183,1.8812451362609863,13883,13984,0.0003,0.03719634935259819,6.9,11,-5.94
2.7024381160736084,14.513038635253906,0.96,624,1188,2.0280261039733887,13931,14032,0.0003,0.037652388215065,7.24,11,-6.28
3.0400853157043457,14.336234092712402,0.96,628,1190,2.3896894454956055,13957,14058,0.0003,0.03789783641695976,6.89,11,-5.93
3.082336187362671,13.908071517944336,0.96,632,1191,1.7985894680023193,13977,14078,0.0003,0.03808016702532768,6.84,11,-5.88
2.6188130378723145,13.756759643554688,0.95,636,1196,1.7085082530975342,14044,14145,0.0003,0.03872676566243172,7.09,11,-6.14
2.1286849975585938,13.832038879394531,0.95,640,1197,2.3742432594299316,14059,14160,0.0003,0.038866057991981506,7.06,11,-6.11
1.9840178489685059,13.842205047607422,0.95,644,1198,1.6137149333953857,14075,14176,0.0003,0.03903169557452202,7.07,11,-6.12
1.9079328775405884,13.497065544128418,0.95,648,1200,2.549440860748291,14101,14202,0.0003,0.039253149181604385,7.1,11,-6.15
2.1680147647857666,13.640745162963867,0.95,652,1201,2.2497854232788086,14112,14213,0.0003,0.03935620188713074,7.07,11,-6.12
3.065615653991699,13.676093101501465,0.95,656,1203,1.4038763046264648,14135,14236,0.0003,0.0395829975605011,7.16,11,-6.21
2.729116916656494,13.492633819580078,0.95,660,1205,2.501401424407959,14162,14263,0.0003,0.039885636419057846,7.26,11,-6.31
3.1831140518188477,13.73554515838623,0.95,664,1208,1.8284038305282593,14190,14291,0.0003,0.04024067148566246,7.41,11,-6.46
2.672659397125244,13.820810317993164,0.94,668,1213,1.464552879333496,14252,14353,0.0003,0.04090271145105362,7.89,11,-6.95
1.8727344274520874,13.225921630859375,0.94,672,1215,1.6417841911315918,14278,14379,0.0003,0.04117479547858238,7.99,11,-7.05
3.177588701248169,12.830718040466309,0.94,676,1217,2.98807430267334,14304,14405,0.0003,0.04144738242030144,8.03,11,-7.09
1.7578542232513428,13.033985137939453,0.94,680,1220,2.3090693950653076,14353,14454,0.0003,0.04193660989403725,8.42,11,-7.48
2.5652010440826416,12.573261260986328,0.96,684,1221,1.7832378149032593,14374,14475,0.0003,0.04213893786072731,7.58,11,-6.62
1.2290127277374268,12.044225692749023,0.97,688,1224,1.2642954587936401,14405,14506,0.0003,0.04245242103934288,7.28,11,-6.31
2.381385564804077,12.948851585388184,0.97,692,1225,0.9795017242431641,14429,14530,0.0003,0.042669154703617096,7.28,11,-6.31
2.045814037322998,12.342344284057617,0.97,696,1226,2.1719889640808105,14444,14545,0.0003,0.04281739890575409,7.18,11,-6.21
1.8818949460983276,12.669421195983887,0.97,700,1229,2.0052719116210938,14482,14583,0.0003,0.04316061735153198,7.4,11,-6.43
1.7740412950515747,11.957470893859863,0.98,704,1234,1.9014408588409424,14541,14642,0.0003,0.04363108426332474,7.34,11,-6.36
1.3706728219985962,11.499452590942383,0.98,708,1235,1.4717531204223633,14557,14658,0.0003,0.0437663197517395,7.37,11,-6.39
2.469538688659668,11.758683204650879,0.98,712,1237,1.809549331665039,14581,14682,0.0003,0.043944381177425385,7.48,11,-6.5
2.6101150512695312,11.58417797088623,0.98,716,1238,1.799976110458374,14597,14698,0.0003,0.04409300163388252,7.41,11,-6.43
2.4993977546691895,11.608081817626953,0.98,720,1239,2.064818859100342,14610,14711,0.0003,0.044218119233846664,7.27,11,-6.29
1.4721404314041138,11.803979873657227,0.98,724,1240,1.4628255367279053,14630,14731,0.0003,0.044404152780771255,6.99,11,-6.01
1.0571519136428833,11.769793510437012,0.98,728,1242,1.850996971130371,14656,14757,0.0003,0.04460102319717407,6.99,11,-6.01
1.5391061305999756,11.678130149841309,0.98,732,1243,1.4164834022521973,14670,14771,0.0003,0.04470207169651985,6.93,11,-5.95
0.6430301070213318,10.612141609191895,0.99,736,1245,1.855971336364746,14699,14800,0.0003,0.04494859278202057,6.55,11,-5.56
1.553322196006775,11.54809856414795,0.99,740,1246,1.5667798519134521,14716,14817,0.0003,0.0450655035674572,6.57,11,-5.58
0.9194515347480774,11.938679695129395,0.99,744,1248,1.1397652626037598,14740,14841,0.0003,0.04520290717482567,6.65,11,-5.66
2.199793815612793,11.299806594848633,0.99,748,1250,1.3808062076568604,14766,14867,0.0003,0.04539559409022331,6.65,11,-5.66
1.000899314880371,10.756294250488281,0.99,752,1251,1.599662184715271,14782,14883,0.0003,0.04552573338150978,6.7,11,-5.71
0.7847928404808044,10.794736862182617,0.99,756,1253,1.4554585218429565,14802,14903,0.0003,0.04564877972006798,6.67,11,-5.68
0.36510682106018066,10.838275909423828,0.99,760,1255,1.4453761577606201,14823,14924,0.0003,0.04576180502772331,6.61,11,-5.62
1.88303804397583,11.516999244689941,0.99,764,1256,1.027095079421997,14837,14938,0.0003,0.045837223529815674,6.47,11,-5.48
1.18584406375885,11.271913528442383,1.0,768,1257,1.7813316583633423,14855,14956,0.0003,0.04595828428864479,6.03,11,-5.03
1.8675742149353027,10.848991394042969,1.0,772,1259,1.223623275756836,14869,14970,0.0003,0.04605766385793686,5.91,11,-4.91
1.0956612825393677,11.52657699584961,1.0,776,1260,1.9737160205841064,14883,14984,0.0003,0.04617127403616905,5.79,11,-4.79
0.6882627010345459,11.085944175720215,1.0,780,1261,1.0366449356079102,14898,14999,0.0003,0.04625663161277771,5.45,11,-4.45
0.8790721893310547,11.27468204498291,1.0,784,1262,1.2014880180358887,14917,15018,0.0003,0.0463462695479393,5.43,11,-4.43
1.84077787399292,11.406341552734375,1.0,788,1263,1.9491069316864014,14933,15034,0.0003,0.04641732946038246,5.28,11,-4.28
0.5639393329620361,11.125452041625977,1.0,792,1264,1.6137466430664062,14945,15046,0.0003,0.046490628272295,5.16,11,-4.16
0.7144911885261536,11.150932312011719,1.0,796,1265,1.1953954696655273,14959,15060,0.0003,0.046563807874917984,5.15,11,-4.15
0.22068637609481812,10.199951171875,1.0,800,1267,1.5068638324737549,14977,15078,0.0003,0.046664219349622726,4.95,11,-3.95
1.0067658424377441,10.51824951171875,1.0,804,1268,1.296726942062378,14993,15094,0.0003,0.0467485710978508,4.52,11,-3.52
0.23998814821243286,10.563644409179688,1.0,808,1269,1.4037212133407593,15006,15107,0.0003,0.046827953308820724,4.49,11,-3.49
0.06027078628540039,10.29507827758789,1.0,812,1270,1.542637586593628,15024,15125,0.0003,0.04694259539246559,4.43,11,-3.43
0.3767036199569702,10.529438972473145,1.0,816,1271,1.092728614807129,15037,15138,0.0003,0.047014594078063965,4.4,11,-3.4
0.35134273767471313,10.415278434753418,1.0,820,1273,1.487215280532837,15050,15151,0.0003,0.047104813158512115,4.4,11,-3.4
0.6312879323959351,10.142562866210938,1.0,824,1275,1.5299804210662842,15069,15170,0.0003,0.047228164970874786,4.39,11,-3.39
1.9318736791610718,10.213744163513184,1.0,828,1276,2.1398580074310303,15090,15191,0.0003,0.047339554876089096,4.34,11,-3.34
0.5714144110679626,10.788246154785156,1.0,832,1277,1.440962553024292,15105,15206,0.0003,0.0474335178732872,4.35,11,-3.35
1.4397997856140137,10.218563079833984,1.0,836,1279,0.8455448150634766,15121,15222,0.0003,0.04752874746918678,4.22,11,-3.22
0.5010771751403809,9.940672874450684,1.0,840,1280,1.6254818439483643,15134,15235,0.0003,0.04761209711432457,4.18,11,-3.18
0.6987408399581909,10.445237159729004,1.0,844,1282,1.5638036727905273,15157,15258,0.0003,0.047715961933135986,4.17,11,-3.17
1.3247789144515991,10.644323348999023,1.0,848,1283,1.754683494567871,15172,15273,0.0003,0.047783106565475464,4.06,11,-3.06
0.2800790071487427,10.598814010620117,1.0,852,1285,1.5534075498580933,15187,15288,0.0003,0.04785730689764023,4.05,11,-3.05
0.3140786290168762,9.904607772827148,1.0,856,1285,0.7910029888153076,15196,15297,0.0003,0.04789109155535698,3.94,11,-2.94
-0.09553150087594986,10.543303489685059,1.0,860,1288,1.921464204788208,15216,15317,0.0003,0.04795929789543152,3.93,11,-2.93
0.11030090600252151,10.202704429626465,1.0,864,1290,1.208928108215332,15237,15338,0.0003,0.0480148084461689,4.0,11,-3.0
-1.0713233947753906,9.458887100219727,1.0,868,1291,1.3944284915924072,15251,15352,0.0003,0.04804989695549011,3.96,11,-2.96
0.6311356425285339,10.3563871383667,1.0,872,1292,0.648987889289856,15270,15371,0.0003,0.04806967452168465,4.01,11,-3.01
-0.42642050981521606,10.133293151855469,1.0,876,1294,1.1655365228652954,15286,15387,0.0003,0.04808836802840233,4.03,11,-3.03
0.6434985399246216,9.692559242248535,1.0,880,1296,0.9991755485534668,15300,15401,0.0003,0.04810760170221329,4.02,11,-3.02
-0.1266389787197113,9.433454513549805,1.0,884,1298,1.3200812339782715,15320,15421,0.0003,0.04816509783267975,4.03,11,-3.03
0.5740500688552856,9.577394485473633,1.0,888,1300,1.4858603477478027,15337,15438,0.0003,0.04819006845355034,4.04,11,-3.04
0.7563149929046631,8.588958740234375,1.0,892,1303,1.0472681522369385,15349,15450,0.0003,0.04822294041514397,4.04,11,-3.04
-0.0036718249320983887,9.517809867858887,1.0,896,1304,1.1625897884368896,15362,15463,0.0003,0.04827974736690521,4.03,11,-3.03
0.850499153137207,9.458215713500977,1.0,900,1306,0.9586401581764221,15378,15479,0.0003,0.04832742363214493,4.01,11,-3.01
0.6741009950637817,9.108739852905273,1.0,904,1307,1.1363624334335327,15392,15493,0.0003,0.04837031662464142,3.99,11,-2.99
0.42639559507369995,9.149704933166504,1.0,908,1309,1.187013030052185,15413,15514,0.0003,0.04839199036359787,4.07,11,-3.07
0.05246651545166969,9.319252967834473,1.0,912,1310,0.9690669178962708,15424,15525,0.0003,0.048420269042253494,4.0,11,-3.0
0.01934622973203659,9.486797332763672,1.0,916,1311,1.0257494449615479,15439,15540,0.0003,0.048447322100400925,4.02,11,-3.02
0.3127487897872925,9.136942863464355,1.0,920,1314,0.7407726049423218,15463,15564,0.0003,0.04845091700553894,4.13,11,-3.13
0.07901883125305176,9.38455867767334,1.0,924,1315,0.8603874444961548,15471,15572,0.0003,0.04847008362412453,4.02,11,-3.02
0.5301390886306763,9.273465156555176,1.0,928,1316,0.8272000551223755,15485,15586,0.0003,0.04846774786710739,3.95,11,-2.95
0.35616645216941833,9.485040664672852,1.0,932,1318,0.8923035860061646,15504,15605,0.0003,0.04851231724023819,3.99,11,-2.99
-0.5666793584823608,8.965005874633789,1.0,936,1319,0.6761544942855835,15515,15616,0.0003,0.04853057116270065,3.94,11,-2.94
-1.1721173524856567,9.528589248657227,1.0,940,1320,0.7955200672149658,15530,15631,0.0003,0.048511773347854614,3.96,11,-2.96
1.2751078605651855,9.291520118713379,1.0,944,1320,0.957209050655365,15536,15637,0.0003,0.04850359633564949,3.79,11,-2.79
-0.05537576228380203,9.397579193115234,1.0,948,1321,0.8545689582824707,15548,15649,0.0003,0.048516806215047836,3.76,11,-2.76
-0.17621687054634094,9.11098575592041,1.0,952,1322,0.7688463926315308,15564,15665,0.0003,0.04851756989955902,3.77,11,-2.77
-0.28534239530563354,9.368696212768555,1.0,956,1323,0.9785013198852539,15576,15677,0.0003,0.04850355163216591,3.8,11,-2.8
-0.4836828112602234,8.275689125061035,1.0,960,1324,1.335241675376892,15590,15691,0.0003,0.04850773513317108,3.74,11,-2.74
-0.5308854579925537,9.153650283813477,1.0,964,1324,1.127932071685791,15605,15706,0.0003,0.048518065363168716,3.68,11,-2.68
-0.26822975277900696,8.833874702453613,1.0,968,1325,1.2463090419769287,15615,15716,0.0003,0.048509784042835236,3.64,11,-2.64
-0.09962907433509827,9.110574722290039,1.0,972,1326,1.2723407745361328,15633,15734,0.0003,0.048488158732652664,3.63,11,-2.63
0.12441514432430267,8.951728820800781,1.0,976,1327,0.8537713885307312,15649,15750,0.0003,0.04845864325761795,3.63,11,-2.63
-0.14291314780712128,8.713754653930664,1.0,980,1328,1.3049538135528564,15661,15762,0.0003,0.04843622446060181,3.61,11,-2.61
0.11688993871212006,8.776702880859375,1.0,984,1329,0.9820662140846252,15673,15774,0.0003,0.04842601716518402,3.53,11,-2.53
-0.1192266196012497,8.579093933105469,1.0,988,1332,1.3101162910461426,15690,15791,0.0003,0.04843481630086899,3.53,11,-2.53
-0.2656354606151581,8.670942306518555,1.0,992,1333,0.7643687725067139,15699,15800,0.0003,0.04843451455235481,3.5,11,-2.5
-0.17397017776966095,8.777303695678711,1.0,996,1335,1.0680640935897827,15715,15816,0.0003,0.0483996756374836,3.53,11,-2.53
0.28709936141967773,8.505953788757324,1.0,1000,1340,1.3793306350708008,15754,15855,0.0003,0.04836176335811615,3.76,11,-2.76
-0.10502606630325317,9.02468204498291,1.0,1004,1342,0.7973192930221558,15772,15873,0.0003,0.04837636277079582,3.8,11,-2.8
0.0321185439825058,8.31056022644043,1.0,1008,1344,0.7359635829925537,15786,15887,0.0003,0.04836152121424675,3.73,11,-2.73
-0.5572599172592163,8.737982749938965,1.0,1012,1349,0.6809266805648804,15828,15929,0.0003,0.04830874130129814,4.04,11,-3.04
-0.8621953725814819,7.953211307525635,1.0,1016,1351,0.8442474007606506,15844,15945,0.0003,0.04828159883618355,4.05,11,-3.05
-0.018679648637771606,8.75185775756836,1.0,1020,1353,0.7409886121749878,15860,15961,0.0003,0.0482364185154438,3.97,11,-2.97
-0.3431224822998047,8.406786918640137,1.0,1024,1355,0.8145455121994019,15874,15975,0.0003,0.0482056625187397,4.03,11,-3.03
-0.538817286491394,8.229521751403809,1.0,1028,1358,0.7873671054840088,15896,15997,0.0003,0.04815023019909859,4.11,11,-3.11
0.05246588587760925,7.91402006149292,1.0,1032,1360,0.858759343624115,15910,16011,0.0003,0.04810729995369911,4.06,11,-3.06
-0.16092802584171295,8.20901107788086,1.0,1036,1362,0.6913893222808838,15924,16025,0.0003,0.04807170107960701,4.09,11,-3.09
0.4035221040248871,8.647130966186523,1.0,1040,1363,0.6110595464706421,15937,16038,0.0003,0.04802688583731651,4.07,11,-3.07
0.1756751835346222,7.713791370391846,1.0,1044,1364,0.7806172370910645,15953,16054,0.0003,0.04798216000199318,4.17,11,-3.17
-0.6119253039360046,7.8666839599609375,1.0,1048,1366,0.6698521375656128,15966,16067,0.0003,0.047935839742422104,4.18,11,-3.18
-0.8256549835205078,8.039389610290527,1.0,1052,1367,0.6730849742889404,15979,16080,0.0003,0.04792702570557594,4.15,11,-3.15
-0.5545132160186768,7.65594482421875,1.0,1056,1369,0.7352794408798218,15997,16098,0.0003,0.047884002327919006,4.21,11,-3.21
-0.3342202305793762,8.121352195739746,1.0,1060,1371,0.7738989591598511,16015,16116,0.0003,0.04782504960894585,4.25,11,-3.25
0.07811364531517029,7.850461483001709,1.0,1064,1372,0.5274877548217773,16025,16126,0.0003,0.04781338572502136,4.2,11,-3.2
-0.5947001576423645,8.100176811218262,1.0,1068,1373,0.6511046290397644,16037,16138,0.0003,0.047809649258852005,4.22,11,-3.22
-0.14827825129032135,7.939152240753174,1.0,1072,1374,0.9731560945510864,16052,16153,0.0003,0.047780293971300125,4.19,11,-3.19
0.31625011563301086,7.986297607421875,1.0,1076,1375,0.8415586352348328,16063,16164,0.0003,0.04774351418018341,4.14,11,-3.14
-0.5299164056777954,7.76323938369751,1.0,1080,1377,0.7874096632003784,16077,16178,0.0003,0.04766319319605827,4.16,11,-3.16
-0.24571193754673004,7.604230880737305,1.0,1084,1378,0.8174107074737549,16091,16192,0.0003,0.04758602753281593,4.18,11,-3.18
-0.3987579047679901,8.168384552001953,1.0,1088,1379,0.6273468732833862,16106,16207,0.0003,0.047532711178064346,4.16,11,-3.16
-0.5468940734863281,7.982898712158203,1.0,1092,1380,0.604560375213623,16121,16222,0.0003,0.04748445004224777,4.22,11,-3.22
-0.573086142539978,7.506693363189697,1.0,1096,1380,0.5674519538879395,16133,16234,0.0003,0.04743712767958641,4.18,11,-3.18
-0.6352421641349792,7.52095890045166,1.0,1100,1382,0.727734386920929,16150,16251,0.0003,0.04735823720693588,3.96,11,-2.96
-0.12183248996734619,8.018533706665039,1.0,1104,1384,0.7851355075836182,16172,16273,0.0003,0.04727815091609955,4.0,11,-3.0
-0.4239729940891266,7.470399856567383,1.0,1108,1385,0.5820404291152954,16188,16289,0.0003,0.04721815511584282,4.02,11,-3.02
-0.5136288404464722,7.518746376037598,1.0,1112,1386,0.6393969058990479,16204,16305,0.0003,0.047160495072603226,3.76,11,-2.76
-0.38265225291252136,7.143651962280273,1.0,1116,1387,0.8539440035820007,16218,16319,0.0003,0.047071851789951324,3.74,11,-2.74
-0.6876857280731201,7.41269588470459,1.0,1120,1388,0.5629574060440063,16233,16334,0.0003,0.046989716589450836,3.73,11,-2.73
-0.4615459442138672,7.723011016845703,1.0,1124,1390,0.690959632396698,16255,16356,0.0003,0.04690266773104668,3.81,11,-2.81
-0.3124837875366211,7.664269924163818,1.0,1128,1392,0.6286340951919556,16286,16387,0.0003,0.04676127806305885,3.9,11,-2.9
-0.14676672220230103,7.41118049621582,1.0,1132,1393,0.5938236713409424,16301,16402,0.0003,0.04667208343744278,3.91,11,-2.91
0.002691507339477539,6.949850082397461,1.0,1136,1394,0.674200177192688,16316,16417,0.0003,0.046586137264966965,3.92,11,-2.92
-0.8325597047805786,7.062553405761719,1.0,1140,1396,0.7580938339233398,16333,16434,0.0003,0.046488355845212936,3.96,11,-2.96
-0.4446049928665161,7.305163383483887,1.0,1144,1398,0.4852883517742157,16351,16452,0.0003,0.04634616896510124,3.98,11,-2.98
-0.40182188153266907,7.234466552734375,1.0,1148,1399,0.39727315306663513,16368,16469,0.0003,0.046277910470962524,4.02,11,-3.02
-0.175652876496315,6.440629482269287,1.0,1152,1400,0.5858191251754761,16383,16484,0.0003,0.0461706668138504,4.04,11,-3.04
-0.03427249938249588,7.49241304397583,1.0,1156,1401,0.4716555178165436,16397,16498,0.0003,0.046065595000982285,4.0,11,-3.0
-0.6476607918739319,7.305599689483643,1.0,1160,1402,0.48848646879196167,16415,16516,0.0003,0.045954130589962006,4.0,11,-3.0
0.6312013864517212,7.253102779388428,1.0,1164,1404,0.5942888259887695,16432,16533,0.0003,0.04587320238351822,4.07,11,-3.07
-0.517281174659729,6.992249488830566,1.0,1168,1405,0.5946124792098999,16446,16547,0.0003,0.045795027166604996,4.09,11,-3.09
-0.1426999270915985,7.347934246063232,1.0,1172,1406,0.6201833486557007,16463,16564,0.0003,0.045687999576330185,4.11,11,-3.11
-0.5838342905044556,6.77073335647583,1.0,1176,1407,0.5691995620727539,16474,16575,0.0003,0.045651793479919434,4.11,11,-3.11
-0.7878558039665222,6.588871002197266,1.0,1180,1408,0.46546435356140137,16490,16591,0.0003,0.0455448292195797,4.13,11,-3.13
-0.04679638147354126,7.355600357055664,1.0,1184,1409,0.49255651235580444,16505,16606,0.0003,0.04547497630119324,4.14,11,-3.14
-0.00062599778175354,7.0498247146606445,1.0,1188,1410,0.48329001665115356,16517,16618,0.0003,0.04542965441942215,4.11,11,-3.11
-0.6209754943847656,7.3258562088012695,1.0,1192,1411,0.39394623041152954,16531,16632,0.0003,0.04536715894937515,4.1,11,-3.1
-1.0066301822662354,7.010996341705322,1.0,1196,1412,0.595054030418396,16552,16653,0.0003,0.04532507061958313,4.19,11,-3.19
-0.6012714505195618,7.359578609466553,1.0,1200,1413,0.45987454056739807,16567,16668,0.0003,0.045264724642038345,4.17,11,-3.17
-0.16364260017871857,7.51167631149292,1.0,1204,1414,0.5832714438438416,16583,16684,0.0003,0.04519380256533623,4.11,11,-3.11
-1.505834698677063,6.981916904449463,1.0,1208,1416,0.49735501408576965,16606,16707,0.0003,0.04507337883114815,4.18,11,-3.18
-0.8277334570884705,6.338174343109131,1.0,1212,1417,0.5368140935897827,16618,16719,0.0003,0.04497866332530975,4.14,11,-3.14
-0.1423412263393402,6.679691314697266,1.0,1216,1418,0.5176310539245605,16632,16733,0.0003,0.04490469768643379,4.14,11,-3.14
0.214301198720932,6.9417853355407715,1.0,1220,1419,0.4984523057937622,16648,16749,0.0003,0.04483754560351372,4.15,11,-3.15
-0.24360747635364532,7.005776882171631,1.0,1224,1421,0.5637958645820618,16664,16765,0.0003,0.04476835951209068,4.09,11,-3.09
-0.5794570446014404,7.114537715911865,1.0,1228,1422,0.535933256149292,16676,16777,0.0003,0.04470048472285271,3.9,11,-2.9
-0.7514289617538452,6.230692386627197,1.0,1232,1424,0.4359516501426697,16688,16789,0.0003,0.044628776609897614,3.87,11,-2.87
0.3336208462715149,6.931147575378418,1.0,1236,1427,0.5115832686424255,16707,16808,0.0003,0.04451090842485428,3.91,11,-2.91
-0.15002894401550293,6.506959438323975,1.0,1240,1428,0.5299504995346069,16719,16820,0.0003,0.044427331537008286,3.86,11,-2.86
-0.28543564677238464,6.435998439788818,1.0,1244,1431,0.5050580501556396,16739,16840,0.0003,0.04431552067399025,3.88,11,-2.88
-0.6162225008010864,7.172846794128418,1.0,1248,1432,0.3359149694442749,16751,16852,0.0003,0.04422970861196518,3.83,11,-2.83
-0.383423775434494,6.626251697540283,1.0,1252,1432,0.458720862865448,16763,16864,0.0003,0.04414204880595207,3.8,11,-2.8
-0.028891844674944878,7.0215959548950195,1.0,1256,1434,0.6033819913864136,16781,16882,0.0003,0.04403756931424141,3.84,11,-2.84
-0.5007779002189636,6.391059875488281,1.0,1260,1435,0.4814467430114746,16791,16892,0.0003,0.04398154094815254,3.76,11,-2.76
-0.15920178592205048,6.509866237640381,1.0,1264,1437,0.7487204670906067,16807,16908,0.0003,0.043861713260412216,3.75,11,-2.75
-0.5375169515609741,6.624990463256836,1.0,1268,1438,0.3864927887916565,16817,16918,0.0003,0.04381135478615761,3.71,11,-2.71
-0.49475234746932983,6.535475254058838,1.0,1272,1439,0.46105119585990906,16830,16931,0.0003,0.043720606714487076,3.67,11,-2.67
-0.16932392120361328,6.668797492980957,1.0,1276,1440,0.4449846148490906,16839,16940,0.0003,0.0436783991754055,3.65,11,-2.65
-1.3668339252471924,5.867033004760742,1.0,1280,1441,0.5424767732620239,16857,16958,0.0003,0.04362695664167404,3.67,11,-2.67
-0.8106889724731445,6.40402364730835,1.0,1284,1442,0.5822393894195557,16870,16971,0.0003,0.043501775711774826,3.65,11,-2.65
-0.6172654628753662,6.340397357940674,1.0,1288,1443,0.37049323320388794,16886,16987,0.0003,0.043380338698625565,3.69,11,-2.69
-0.10354207456111908,6.244688510894775,1.0,1292,1444,0.5044370889663696,16898,16999,0.0003,0.0432991124689579,3.67,11,-2.67
-0.5492270588874817,5.929609298706055,1.0,1296,1445,0.3704151511192322,16912,17013,0.0003,0.04322896897792816,3.6,11,-2.6
-0.4880741238594055,6.528383255004883,1.0,1300,1446,0.4251607060432434,16926,17027,0.0003,0.04317677766084671,3.59,11,-2.59
-0.38125866651535034,5.968869209289551,1.0,1304,1447,0.39134010672569275,16938,17039,0.0003,0.04311967268586159,3.55,11,-2.55
0.12930196523666382,6.476990699768066,1.0,1308,1448,0.4904528856277466,16956,17057,0.0003,0.04302141070365906,3.5,11,-2.5
-0.19840000569820404,6.046985626220703,1.0,1312,1449,0.4757612347602844,16972,17073,0.0003,0.04294542223215103,3.54,11,-2.54
-0.36576271057128906,6.140210151672363,1.0,1316,1450,0.4782721996307373,16985,17086,0.0003,0.042880382388830185,3.53,11,-2.53
-0.6569231748580933,6.136445045471191,1.0,1320,1452,0.36633414030075073,17010,17111,0.0003,0.04270508140325546,3.62,11,-2.62
-0.7691685557365417,6.453032493591309,1.0,1324,1452,0.42027518153190613,17023,17124,0.0003,0.0426308810710907,3.59,11,-2.59
-0.6752445697784424,6.401412487030029,1.0,1328,1454,0.4060229957103729,17045,17146,0.0003,0.042477741837501526,3.69,11,-2.69
-0.98899245262146,6.136178016662598,1.0,1332,1455,0.37493354082107544,17060,17161,0.0003,0.04237452521920204,3.72,11,-2.72
-0.9508553743362427,5.9036431312561035,1.0,1336,1455,0.4227295517921448,17070,17171,0.0003,0.04229623079299927,3.63,11,-2.63
-0.9284145832061768,6.19168758392334,1.0,1340,1456,0.35677334666252136,17087,17188,0.0003,0.04214133694767952,3.68,11,-2.68
-0.4621984362602234,6.1138834953308105,1.0,1344,1457,0.3624730706214905,17100,17201,0.0003,0.04201642423868179,3.61,11,-2.61
0.10883799195289612,5.698248386383057,1.0,1348,1458,0.4942476749420166,17115,17216,0.0003,0.04188686981797218,3.64,11,-2.64
-0.811534583568573,5.949522495269775,1.0,1352,1459,0.35992443561553955,17129,17230,0.0003,0.041816871613264084,3.66,11,-2.66
-0.4322207272052765,6.048208713531494,1.0,1356,1460,0.5477765798568726,17142,17243,0.0003,0.04171500355005264,3.61,11,-2.61
-0.38831278681755066,5.921775817871094,1.0,1360,1462,0.28369390964508057,17161,17262,0.0003,0.04159480333328247,3.7,11,-2.7
-0.10623378306627274,5.9954423904418945,1.0,1364,1463,0.3621770441532135,17180,17281,0.0003,0.041414983570575714,3.73,11,-2.73
-0.058110132813453674,6.05518102645874,1.0,1368,1464,0.34071189165115356,17195,17296,0.0003,0.041308458894491196,3.78,11,-2.78
-0.6438242197036743,5.802355766296387,1.0,1372,1466,0.4872592091560364,17212,17313,0.0003,0.041218098253011703,3.82,11,-2.82
-0.8240690231323242,5.521211624145508,1.0,1376,1466,0.3966493308544159,17225,17326,0.0003,0.04112543538212776,3.86,11,-2.86
-0.45103615522384644,5.791847229003906,1.0,1380,1468,0.38107362389564514,17243,17344,0.0003,0.04104432836174965,3.86,11,-2.86
-0.45996206998825073,6.357945442199707,1.0,1384,1469,0.2961050868034363,17261,17362,0.0003,0.04091901704668999,3.91,11,-2.91
-1.2349828481674194,5.723886489868164,1.0,1388,1470,0.34021732211112976,17275,17376,0.0003,0.0408208966255188,3.89,11,-2.89
-0.14597171545028687,5.914730072021484,1.0,1392,1471,0.4216185510158539,17292,17393,0.0003,0.04073179513216019,3.94,11,-2.94
-0.48023051023483276,5.877767562866211,1.0,1396,1472,0.32808077335357666,17311,17412,0.0003,0.040611010044813156,3.99,11,-2.99
-0.6739627718925476,5.770496368408203,1.0,1400,1473,0.3365561068058014,17325,17426,0.0003,0.04052765294909477,3.99,11,-2.99
-0.4398227035999298,6.479089736938477,1.0,1404,1474,0.3537643551826477,17335,17436,0.0003,0.04045766964554787,3.97,11,-2.97
-0.5520676374435425,5.581336975097656,1.0,1408,1475,0.44432780146598816,17348,17449,0.0003,0.0403369776904583,3.92,11,-2.92
-0.8915360569953918,5.277480125427246,1.0,1412,1476,0.4640629291534424,17362,17463,0.0003,0.04024643078446388,3.9,11,-2.9
-0.39441776275634766,5.4871015548706055,1.0,1416,1477,0.3714843988418579,17377,17478,0.0003,0.0401596836745739,3.92,11,-2.92
-0.5281531810760498,5.759920120239258,1.0,1420,1479,0.34598496556282043,17391,17492,0.0003,0.040096234530210495,3.81,11,-2.81
-0.9979833364486694,5.749625205993652,1.0,1424,1480,0.36745768785476685,17404,17505,0.0003,0.04000260308384895,3.81,11,-2.81
-0.5375865697860718,5.695034980773926,1.0,1428,1481,0.41669154167175293,17416,17517,0.0003,0.03990345075726509,3.71,11,-2.71
-0.2877022624015808,5.332212448120117,1.0,1432,1482,0.31527066230773926,17433,17534,0.0003,0.03977557271718979,3.73,11,-2.73
0.7204932570457458,5.808178424835205,1.0,1436,1483,0.3175235986709595,17447,17548,0.0003,0.03966866806149483,3.77,11,-2.77
0.07297369092702866,5.591102600097656,1.0,1440,1484,0.38782674074172974,17462,17563,0.0003,0.03958609327673912,3.75,11,-2.75
-0.09973190724849701,5.488125324249268,1.0,1444,1485,0.33817851543426514,17482,17583,0.0003,0.0394931435585022,3.82,11,-2.82
-0.2747284471988678,5.627287864685059,1.0,1448,1486,0.4064546823501587,17495,17596,0.0003,0.039454229176044464,3.8,11,-2.8
-0.7856022119522095,5.804142475128174,1.0,1452,1487,0.35825181007385254,17508,17609,0.0003,0.039395395666360855,3.79,11,-2.79
-0.5731358528137207,5.674449443817139,1.0,1456,1488,0.3631511926651001,17521,17622,0.0003,0.03932265192270279,3.79,11,-2.79
-0.16536450386047363,5.274692058563232,1.0,1460,1489,0.3607238233089447,17533,17634,0.0003,0.0392521396279335,3.72,11,-2.72
-0.7342725992202759,5.406689643859863,1.0,1464,1490,0.4321006238460541,17546,17647,0.0003,0.039185985922813416,3.66,11,-2.66
-0.6698471307754517,5.98215389251709,1.0,1468,1491,0.2911888360977173,17558,17659,0.0003,0.03911128640174866,3.63,11,-2.63
0.3742164969444275,5.739059925079346,1.0,1472,1492,0.3158550262451172,17572,17673,0.0003,0.03898915275931358,3.6,11,-2.6
-0.862580418586731,5.668838024139404,1.0,1476,1493,0.29833126068115234,17589,17690,0.0003,0.038873396813869476,3.64,11,-2.64
-0.9474067091941833,5.5837249755859375,1.0,1480,1494,0.31653550267219543,17601,17702,0.0003,0.03878876939415932,3.58,11,-2.58
-0.04761248826980591,5.267814636230469,1.0,1484,1495,0.3065769672393799,17614,17715,0.0003,0.03870421648025513,3.53,11,-2.53
-0.8209543228149414,5.56159782409668,1.0,1488,1496,0.30716150999069214,17629,17730,0.0003,0.03860766813158989,3.54,11,-2.54
-0.009217053651809692,5.895468711853027,1.0,1492,1497,0.34210267663002014,17644,17745,0.0003,0.0384976901113987,3.52,11,-2.52
-0.8433185815811157,5.093531608581543,1.0,1496,1498,0.30301904678344727,17656,17757,0.0003,0.03842727839946747,3.45,11,-2.45
-0.9312098026275635,4.95992374420166,1.0,1500,1498,0.30961892008781433,17668,17769,0.0003,0.03836711496114731,3.43,11,-2.43
-0.8909485936164856,5.409023761749268,1.0,1504,1500,0.30346018075942993,17684,17785,0.0003,0.038283396512269974,3.49,11,-2.49
-0.305621474981308,5.249228000640869,1.0,1508,1500,0.3298967480659485,17698,17799,0.0003,0.038182955235242844,3.5,11,-2.5
-0.6106226444244385,5.173304557800293,1.0,1512,1501,0.3480706810951233,17711,17812,0.0003,0.03811042383313179,3.49,11,-2.49
-0.6638131141662598,5.432254314422607,1.0,1516,1502,0.271639347076416,17729,17830,0.0003,0.03804107755422592,3.52,11,-2.52
-0.6539352536201477,5.232224464416504,1.0,1520,1503,0.3227890133857727,17742,17843,0.0003,0.03800384700298309,3.51,11,-2.51
0.45275959372520447,5.5688629150390625,1.0,1524,1504,0.31544238328933716,17761,17862,0.0003,0.03795230761170387,3.57,11,-2.57
-0.8297122716903687,5.253070831298828,1.0,1528,1506,0.30918461084365845,17779,17880,0.0003,0.03795531019568443,3.63,11,-2.63
0.2824927568435669,5.286816120147705,1.0,1532,1507,0.31573402881622314,17795,17896,0.0003,0.037918414920568466,3.62,11,-2.62
-0.27445918321609497,5.302853107452393,1.0,1536,1508,0.2792666554450989,17810,17911,0.0003,0.03784697502851486,3.63,11,-2.63
-0.703394889831543,5.440234184265137,1.0,1540,1509,0.2785431742668152,17823,17924,0.0003,0.03776786848902702,3.61,11,-2.61
-1.2063887119293213,5.402591705322266,1.0,1544,1509,0.41423454880714417,17833,17934,0.0003,0.03770959749817848,3.51,11,-2.51
0.27170228958129883,5.014590263366699,1.0,1548,1510,0.2907713055610657,17847,17948,0.0003,0.03763536363840103,3.52,11,-2.52
-0.37788546085357666,5.517089366912842,1.0,1552,1512,0.24262279272079468,17860,17961,0.0003,0.03756991773843765,3.52,11,-2.52
0.10899313539266586,5.4142045974731445,1.0,1556,1514,0.3695765733718872,17874,17975,0.0003,0.03749265894293785,3.53,11,-2.53
-0.6504496335983276,5.451507091522217,1.0,1560,1515,0.306543231010437,17892,17993,0.0003,0.03738633915781975,3.59,11,-2.59
-1.056296467781067,5.072906494140625,1.0,1564,1516,0.23877066373825073,17905,18006,0.0003,0.03728111833333969,3.59,11,-2.59
0.2220301628112793,5.388924598693848,1.0,1568,1517,0.2759301960468292,17918,18019,0.0003,0.0371735543012619,3.6,11,-2.6
0.1920524537563324,5.3709845542907715,1.0,1572,1518,0.3041958808898926,17933,18034,0.0003,0.03713526949286461,3.61,11,-2.61
-0.8615468740463257,5.360620021820068,1.0,1576,1519,0.34765011072158813,17951,18052,0.0003,0.03705719858407974,3.62,11,-2.62
-0.5847707390785217,4.984851360321045,1.0,1580,1520,0.3213299512863159,17964,18065,0.0003,0.03700714930891991,3.63,11,-2.63
-0.13338986039161682,5.4403228759765625,1.0,1584,1521,0.30574095249176025,17976,18077,0.0003,0.036963287740945816,3.62,11,-2.62
0.21421685814857483,4.910459041595459,1.0,1588,1522,0.39423125982284546,17988,18089,0.0003,0.03690033778548241,3.59,11,-2.59
0.024309903383255005,5.293608665466309,1.0,1592,1523,0.2830311059951782,18003,18104,0.0003,0.03686065599322319,3.59,11,-2.59
0.2503534257411957,5.07044792175293,1.0,1596,1523,0.3233664035797119,18018,18119,0.0003,0.03677915409207344,3.62,11,-2.62
-0.19269627332687378,5.153254985809326,1.0,1600,1524,0.2326267957687378,18032,18133,0.0003,0.036700453609228134,3.64,11,-2.64
-0.36900386214256287,5.315161228179932,0.99,1604,1528,0.23950695991516113,18091,18192,0.0003,0.03650306537747383,4.07,11,-3.08
0.185851588845253,5.162374496459961,0.99,1608,1528,0.2552262842655182,18103,18204,0.0003,0.036471009254455566,4.05,11,-3.06
-0.9548433423042297,5.02665376663208,0.99,1612,1529,0.2588028907775879,18115,18216,0.0003,0.036438945680856705,4.04,11,-3.05
-0.6769734621047974,5.321489334106445,0.99,1616,1530,0.3149915933609009,18130,18231,0.0003,0.03632450848817825,4.01,11,-3.02
-0.9591026306152344,5.158396244049072,0.99,1620,1531,0.2342374175786972,18141,18242,0.0003,0.03623129799962044,3.99,11,-3.0
0.14021408557891846,4.71469259262085,0.99,1624,1532,0.31890615820884705,18157,18258,0.0003,0.03617730364203453,3.96,11,-2.97
-0.21698030829429626,5.107174873352051,0.99,1628,1532,0.31292468309402466,18167,18268,0.0003,0.03616414591670036,3.88,11,-2.89
-0.4155651926994324,5.1001763343811035,0.99,1632,1533,0.24831287562847137,18183,18284,0.0003,0.036130111664533615,3.88,11,-2.89
-1.006282091140747,4.784726142883301,0.99,1636,1534,0.3452025055885315,18194,18295,0.0003,0.0360814593732357,3.84,11,-2.85
0.442651629447937,4.742121696472168,0.99,1640,1535,0.2484087496995926,18211,18312,0.0003,0.03595422953367233,3.88,11,-2.89
-0.4789724051952362,4.901631832122803,0.99,1644,1536,0.26803115010261536,18225,18326,0.0003,0.03591027110815048,3.92,11,-2.93
-0.1773543655872345,4.886466979980469,0.99,1648,1537,0.24436688423156738,18239,18340,0.0003,0.03586685657501221,3.92,11,-2.93
-0.9441770315170288,5.027976036071777,0.99,1652,1538,0.18939191102981567,18249,18350,0.0003,0.03581813722848892,3.89,11,-2.9
0.15186595916748047,4.97776985168457,0.99,1656,1539,0.31764817237854004,18264,18365,0.0003,0.035748522728681564,3.9,11,-2.91
-1.1891130208969116,4.788724422454834,0.99,1660,1540,0.23944664001464844,18278,18379,0.0003,0.035692449659109116,3.86,11,-2.87
-0.21692392230033875,4.733675003051758,0.99,1664,1541,0.22615763545036316,18292,18393,0.0003,0.03558832406997681,3.87,11,-2.88
-0.3397616744041443,5.134886741638184,0.99,1668,1542,0.223674014210701,18305,18406,0.0003,0.03551686555147171,3.87,11,-2.88
-0.5174610614776611,4.900524616241455,0.99,1672,1543,0.2643706798553467,18319,18420,0.0003,0.03542284667491913,3.86,11,-2.87
-0.3922846019268036,5.110504150390625,0.99,1676,1546,0.2547580897808075,18338,18439,0.0003,0.03530692681670189,3.87,11,-2.88
-0.18704502284526825,4.89627742767334,0.99,1680,1548,0.24660980701446533,18352,18453,0.0003,0.035265401005744934,3.88,11,-2.89
-0.33311113715171814,4.92361307144165,0.99,1684,1550,0.28033506870269775,18364,18465,0.0003,0.03522767126560211,3.88,11,-2.89
-1.1782511472702026,4.996376037597656,0.99,1688,1552,0.24708765745162964,18376,18477,0.0003,0.03517434373497963,3.88,11,-2.89
0.06819872558116913,5.053157806396484,0.99,1692,1553,0.3265342116355896,18390,18491,0.0003,0.03513667732477188,3.87,11,-2.88
-0.45212918519973755,4.736473560333252,0.99,1696,1555,0.2958681583404541,18402,18503,0.0003,0.035111118108034134,3.84,11,-2.85
-0.46879124641418457,5.015011787414551,0.99,1700,1556,0.29927802085876465,18414,18515,0.0003,0.03507232293486595,3.82,11,-2.83
-0.4417358636856079,4.872748851776123,1.0,1704,1558,0.24503254890441895,18431,18532,0.0003,0.035057131201028824,3.4,11,-2.4
-0.26507458090782166,4.861299514770508,1.0,1708,1559,0.26928603649139404,18444,18545,0.0003,0.035012077540159225,3.41,11,-2.41
-0.45390984416007996,4.970927715301514,1.0,1712,1560,0.23931042850017548,18454,18555,0.0003,0.03495536744594574,3.39,11,-2.39
-0.6964782476425171,4.718473434448242,1.0,1716,1561,0.24266502261161804,18469,18570,0.0003,0.034906208515167236,3.39,11,-2.39
0.07993930578231812,4.787130832672119,1.0,1720,1563,0.21557413041591644,18483,18584,0.0003,0.03488800302147865,3.42,11,-2.42
-0.37731099128723145,4.6052727699279785,1.0,1724,1568,0.2346104234457016,18500,18601,0.0003,0.03483296558260918,3.43,11,-2.43
0.5777338743209839,4.706573009490967,1.0,1728,1572,0.2340908944606781,18519,18620,0.0003,0.03468388691544533,3.52,11,-2.52
0.04235883057117462,4.7146124839782715,1.0,1732,1575,0.22439241409301758,18537,18638,0.0003,0.03469612076878548,3.54,11,-2.54
-0.35408490896224976,4.782350540161133,1.0,1736,1577,0.24071471393108368,18550,18651,0.0003,0.03474638611078262,3.56,11,-2.56
-0.8085201978683472,4.717378616333008,1.0,1740,1579,0.2653520703315735,18566,18667,0.0003,0.034714821726083755,3.55,11,-2.55
0.26265835762023926,4.723788738250732,1.0,1744,1581,0.19565165042877197,18580,18681,0.0003,0.0346725769340992,3.55,11,-2.55
-0.06292429566383362,4.914218902587891,1.0,1748,1582,0.21833746135234833,18595,18696,0.0003,0.03465834632515907,3.56,11,-2.56
-0.13458451628684998,4.5282392501831055,1.0,1752,1583,0.26371487975120544,18606,18707,0.0003,0.03465726226568222,3.57,11,-2.57
0.052373260259628296,5.123071670532227,1.0,1756,1584,0.2517831027507782,18621,18722,0.0003,0.03466875106096268,3.57,11,-2.57
0.12561145424842834,4.4692792892456055,1.0,1760,1585,0.26042675971984863,18632,18733,0.0003,0.03468555957078934,3.54,11,-2.54
-0.4709911048412323,4.647296905517578,1.0,1764,1587,0.21421319246292114,18648,18749,0.0003,0.03469288721680641,3.56,11,-2.56
-0.15775251388549805,5.064432621002197,1.0,1768,1588,0.19867780804634094,18660,18761,0.0003,0.03466574102640152,3.55,11,-2.55
0.5794610381126404,5.0053815841674805,1.0,1772,1589,0.19304978847503662,18676,18777,0.0003,0.034645963460206985,3.57,11,-2.57
0.07158349454402924,4.80512809753418,1.0,1776,1590,0.22301755845546722,18687,18788,0.0003,0.034693457186222076,3.49,11,-2.49
-0.7246712446212769,4.5985493659973145,1.0,1780,1592,0.25099289417266846,18700,18801,0.0003,0.0347253754734993,3.48,11,-2.48
-0.31439030170440674,4.994916915893555,1.0,1784,1593,0.2865446209907532,18709,18810,0.0003,0.03470354899764061,3.45,11,-2.45
0.01249348372220993,5.25425386428833,1.0,1788,1594,0.21593239903450012,18725,18826,0.0003,0.03464196249842644,3.49,11,-2.49
-0.3941345512866974,4.6245341300964355,1.0,1792,1595,0.22466444969177246,18739,18840,0.0003,0.03458182141184807,3.49,11,-2.49
0.34356075525283813,4.5130205154418945,1.0,1796,1596,0.22967223823070526,18756,18857,0.0003,0.0344654843211174,3.54,11,-2.54
-0.1482933908700943,4.7720489501953125,1.0,1800,1597,0.23013299703598022,18768,18869,0.0003,0.034435685724020004,3.54,11,-2.54
-0.46644455194473267,4.22636604309082,1.0,1804,1598,0.25036776065826416,18787,18888,0.0003,0.03440244123339653,3.56,11,-2.56
0.47727644443511963,4.970358848571777,1.0,1808,1599,0.21081578731536865,18801,18902,0.0003,0.03438792750239372,3.57,11,-2.57
-0.07027553021907806,4.874312877655029,1.0,1812,1601,0.2742674946784973,18818,18919,0.0003,0.03434785082936287,3.64,11,-2.64
-0.3102485239505768,4.981853485107422,1.0,1816,1602,0.2873556911945343,18836,18937,0.0003,0.03429112210869789,3.67,11,-2.67
-0.20751965045928955,4.4124016761779785,1.0,1820,1604,0.20766019821166992,18853,18954,0.0003,0.03423123061656952,3.7,11,-2.7
0.29021012783050537,4.442982196807861,1.0,1824,1605,0.1814088225364685,18864,18965,0.0003,0.03421063721179962,3.64,11,-2.64
-0.9149820804595947,4.781772613525391,1.0,1828,1607,0.20505115389823914,18877,18978,0.0003,0.034226611256599426,3.58,11,-2.58
0.07225606590509415,4.5786895751953125,1.0,1832,1607,0.22064685821533203,18888,18989,0.0003,0.03420541062951088,3.51,11,-2.51
-0.6593447923660278,4.935067653656006,1.0,1836,1608,0.20269128680229187,18900,19001,0.0003,0.034208882600069046,3.5,11,-2.5
-0.5134625434875488,4.6946282386779785,1.0,1840,1609,0.2314615249633789,18911,19012,0.0003,0.03419676795601845,3.45,11,-2.45
-0.6268327832221985,4.641369819641113,1.0,1844,1611,0.2338085025548935,18923,19024,0.0003,0.03414919227361679,3.43,11,-2.43
-0.087221659719944,4.395956516265869,1.0,1848,1612,0.25683367252349854,18936,19037,0.0003,0.03408455103635788,3.41,11,-2.41
0.10536724328994751,4.664711952209473,1.0,1852,1613,0.19894781708717346,18949,19050,0.0003,0.03403807803988457,3.43,11,-2.43
-0.5413505434989929,4.46744441986084,1.0,1856,1614,0.26427245140075684,18962,19063,0.0003,0.03401774540543556,3.41,11,-2.41
-0.04328572750091553,4.619235992431641,1.0,1860,1615,0.18274050951004028,18975,19076,0.0003,0.03401141241192818,3.43,11,-2.43
-0.3893863558769226,4.868807792663574,1.0,1864,1616,0.21499861776828766,18986,19087,0.0003,0.03401453420519829,3.38,11,-2.38
-0.44533878564834595,4.275742530822754,1.0,1868,1618,0.21521899104118347,19000,19101,0.0003,0.034010566771030426,3.4,11,-2.4
-0.6874403357505798,4.627429962158203,1.0,1872,1619,0.20840612053871155,19018,19119,0.0003,0.03397739678621292,3.42,11,-2.42
0.018640920519828796,4.671174049377441,1.0,1876,1621,0.22366608679294586,19030,19131,0.0003,0.033943962305784225,3.43,11,-2.43
0.15832863748073578,4.394382476806641,1.0,1880,1622,0.2138954997062683,19042,19143,0.0003,0.033904388546943665,3.42,11,-2.42
1.118303894996643,4.725985050201416,1.0,1884,1623,0.15164677798748016,19055,19156,0.0003,0.03390936926007271,3.46,11,-2.46
0.3542940020561218,4.807682037353516,1.0,1888,1624,0.1645563691854477,19068,19169,0.0003,0.033943913877010345,3.43,11,-2.43
-0.07390721142292023,4.559745788574219,1.0,1892,1626,0.226548433303833,19084,19185,0.0003,0.033934351056814194,3.45,11,-2.45
-0.09573060274124146,4.575672626495361,1.0,1896,1627,0.18389230966567993,19097,19198,0.0003,0.033930838108062744,3.41,11,-2.41
-0.07855664193630219,4.20319938659668,1.0,1900,1628,0.17651933431625366,19109,19210,0.0003,0.03391053155064583,3.41,11,-2.41
-0.20031258463859558,4.323612689971924,1.0,1904,1629,0.19397956132888794,19126,19227,0.0003,0.03389367833733559,3.39,11,-2.39
-0.898510754108429,4.748073101043701,1.0,1908,1631,0.19699281454086304,19142,19243,0.0003,0.03389812260866165,3.41,11,-2.41
0.08183295279741287,4.329816818237305,1.0,1912,1632,0.1968858540058136,19154,19255,0.0003,0.033861830830574036,3.36,11,-2.36
-0.08366185426712036,4.612373352050781,1.0,1916,1633,0.22030797600746155,19165,19266,0.0003,0.0338924266397953,3.29,11,-2.29
-0.43617427349090576,4.3072967529296875,1.0,1920,1634,0.19890247285366058,19179,19280,0.0003,0.03390848636627197,3.26,11,-2.26
0.21345597505569458,4.644478797912598,1.0,1924,1636,0.16781790554523468,19195,19296,0.0003,0.03386865556240082,3.31,11,-2.31
-0.25389736890792847,4.759903907775879,1.0,1928,1637,0.19973163306713104,19211,19312,0.0003,0.033850595355033875,3.34,11,-2.34
-0.07973584532737732,4.407327175140381,1.0,1932,1638,0.18636101484298706,19224,19325,0.0003,0.03382408618927002,3.36,11,-2.36
-0.17267483472824097,4.434082508087158,1.0,1936,1639,0.19652120769023895,19238,19339,0.0003,0.03382939100265503,3.38,11,-2.38
-0.7275692224502563,4.377708435058594,1.0,1940,1640,0.2177511751651764,19250,19351,0.0003,0.03382223844528198,3.39,11,-2.39
-0.33086565136909485,4.378872871398926,1.0,1944,1641,0.20080775022506714,19260,19361,0.0003,0.03378816321492195,3.37,11,-2.37
0.4971812069416046,4.778032302856445,1.0,1948,1642,0.20654064416885376,19273,19374,0.0003,0.033747490495443344,3.37,11,-2.37
0.018139421939849854,4.305458068847656,1.0,1952,1643,0.20702049136161804,19282,19383,0.0003,0.03376464918255806,3.33,11,-2.33
-0.48963823914527893,4.887068748474121,1.0,1956,1644,0.23066428303718567,19296,19397,0.0003,0.03382863476872444,3.34,11,-2.34
-0.6163901090621948,4.320672035217285,1.0,1960,1645,0.17239005863666534,19311,19412,0.0003,0.03385646268725395,3.36,11,-2.36
0.7171512842178345,4.309144496917725,1.0,1964,1646,0.154812753200531,19322,19423,0.0003,0.033833425492048264,3.36,11,-2.36
-0.02858331799507141,4.227814674377441,1.0,1968,1647,0.18696855008602142,19334,19435,0.0003,0.03384462371468544,3.34,11,-2.34
0.5957990288734436,4.283348083496094,1.0,1972,1648,0.18224579095840454,19345,19446,0.0003,0.03382708504796028,3.27,11,-2.27
-0.37068066000938416,4.678495407104492,1.0,1976,1649,0.19003967940807343,19359,19460,0.0003,0.033838920295238495,3.29,11,-2.29
0.38224732875823975,4.397636413574219,1.0,1980,1650,0.19740033149719238,19371,19472,0.0003,0.03384113684296608,3.29,11,-2.29
-0.3998040556907654,4.569450378417969,1.0,1984,1651,0.20725688338279724,19382,19483,0.0003,0.03386494144797325,3.27,11,-2.27
0.01944597065448761,4.356428146362305,1.0,1988,1652,0.17285525798797607,19398,19499,0.0003,0.033829666674137115,3.3,11,-2.3
-0.3176845908164978,4.463631629943848,1.0,1992,1653,0.27182644605636597,19415,19516,0.0003,0.033787503838539124,3.31,11,-2.31
-0.14347632229328156,4.635295867919922,1.0,1996,1655,0.1366938054561615,19430,19531,0.0003,0.03374108672142029,3.33,11,-2.33
-0.48139265179634094,4.461353302001953,1.0,2000,1656,0.17107678949832916,19443,19544,0.0003,0.03369821235537529,3.34,11,-2.34
0.03630523383617401,4.397617340087891,1.0,2004,1657,0.200253427028656,19456,19557,0.0003,0.033624932169914246,3.3,11,-2.3
0.15018072724342346,4.549722671508789,1.0,2008,1658,0.1921829879283905,19466,19567,0.0003,0.03359357640147209,3.24,11,-2.24
0.21772673726081848,4.448409080505371,1.0,2012,1659,0.1284366250038147,19479,19580,0.0003,0.033609285950660706,3.25,11,-2.25
0.39980095624923706,4.494311332702637,1.0,2016,1660,0.18374323844909668,19494,19595,0.0003,0.03361310064792633,3.29,11,-2.29
-0.4103379547595978,4.025351524353027,1.0,2020,1662,0.17154830694198608,19512,19613,0.0003,0.033645547926425934,3.33,11,-2.33
-0.02593347430229187,4.579916477203369,1.0,2024,1664,0.15922263264656067,19526,19627,0.0003,0.033632755279541016,3.31,11,-2.31
-0.44485121965408325,3.817337989807129,1.0,2028,1665,0.18707317113876343,19536,19637,0.0003,0.033589769154787064,3.25,11,-2.25
-0.696351170539856,4.273678302764893,1.0,2032,1667,0.1976642906665802,19550,19651,0.0003,0.03352952003479004,3.26,11,-2.26
0.2533639073371887,4.157404899597168,1.0,2036,1668,0.17688491940498352,19564,19665,0.0003,0.033511124551296234,3.26,11,-2.26
0.03788536787033081,3.8849902153015137,1.0,2040,1668,0.2274969071149826,19572,19673,0.0003,0.0335143618285656,3.22,11,-2.22
-0.21236728131771088,4.076037883758545,1.0,2044,1670,0.1969800889492035,19585,19686,0.0003,0.03350982815027237,3.25,11,-2.25
0.4822610914707184,4.3496270179748535,1.0,2048,1671,0.1700504720211029,19598,19699,0.0003,0.033515725284814835,3.25,11,-2.25
0.28230589628219604,4.153590679168701,1.0,2052,1672,0.1678778976202011,19610,19711,0.0003,0.03351806104183197,3.28,11,-2.28
-0.07843941450119019,4.1408843994140625,1.0,2056,1673,0.15806126594543457,19623,19724,0.0003,0.03353237360715866,3.27,11,-2.27
0.0417013019323349,4.336927890777588,1.0,2060,1674,0.1687093824148178,19635,19736,0.0003,0.033537525683641434,3.24,11,-2.24
0.6665865182876587,4.359969615936279,1.0,2064,1676,0.144248828291893,19650,19751,0.0003,0.03358740732073784,3.28,11,-2.28
0.6925369501113892,4.337010383605957,1.0,2068,1677,0.22068578004837036,19660,19761,0.0003,0.03359866142272949,3.26,11,-2.26
0.21319447457790375,4.450624942779541,1.0,2072,1679,0.18181009590625763,19677,19778,0.0003,0.033625997602939606,3.32,11,-2.32
-0.2344927042722702,4.069127082824707,1.0,2076,1680,0.20322121679782867,19694,19795,0.0003,0.0336453802883625,3.35,11,-2.35
0.2647944390773773,4.07800817489624,1.0,2080,1682,0.21972104907035828,19712,19813,0.0003,0.03367949649691582,3.41,11,-2.41
-0.5327486991882324,4.3539862632751465,1.0,2084,1683,0.15201783180236816,19725,19826,0.0003,0.03367774561047554,3.43,11,-2.43
-0.051753997802734375,4.083929538726807,1.0,2088,1684,0.141020268201828,19735,19836,0.0003,0.03365929052233696,3.37,11,-2.37
0.4729170799255371,4.164011478424072,1.0,2092,1685,0.16847485303878784,19748,19849,0.0003,0.03364507481455803,3.33,11,-2.33
-0.10829423367977142,4.585701942443848,1.0,2096,1687,0.1590997874736786,19759,19860,0.0003,0.03369665890932083,3.29,11,-2.29
-0.7396671772003174,4.098392009735107,1.0,2100,1688,0.18484199047088623,19774,19875,0.0003,0.0337701290845871,3.31,11,-2.31
0.20791450142860413,4.024938583374023,1.0,2104,1689,0.1899685561656952,19783,19884,0.0003,0.033757999539375305,3.27,11,-2.27
-0.08005497604608536,3.892174005508423,1.0,2108,1691,0.20627939701080322,19797,19898,0.0003,0.0337747186422348,3.31,11,-2.31
0.04448743164539337,4.278596878051758,1.0,2112,1693,0.13591518998146057,19811,19912,0.0003,0.03379981964826584,3.32,11,-2.32
-0.531613290309906,4.061253070831299,1.0,2116,1694,0.16817855834960938,19824,19925,0.0003,0.03377756476402283,3.3,11,-2.3
0.2189311385154724,4.341807842254639,1.0,2120,1695,0.15975899994373322,19837,19938,0.0003,0.03375488519668579,3.25,11,-2.25
0.35779905319213867,3.942250967025757,1.0,2124,1696,0.17477650940418243,19849,19950,0.0003,0.0337580144405365,3.23,11,-2.23
0.4566177725791931,4.3508782386779785,1.0,2128,1697,0.16826704144477844,19859,19960,0.0003,0.033805616199970245,3.23,11,-2.23
0.12806668877601624,3.9503142833709717,1.0,2132,1698,0.17173653841018677,19870,19971,0.0003,0.033847641199827194,3.2,11,-2.2
0.5529353618621826,4.217437267303467,1.0,2136,1699,0.1721608191728592,19885,19986,0.0003,0.03389009088277817,3.21,11,-2.21
0.957244336605072,3.901672601699829,1.0,2140,1700,0.16807760298252106,19897,19998,0.0003,0.033909495919942856,3.25,11,-2.25
