train/ent_coef,rollout/ep_rew_mean,train/actor_loss,time/episodes,time/total_timesteps,train/ent_coef_loss,rollout/ep_len_mean,rollout/success_rate,train/learning_rate,time/fps,time/time_elapsed,train/critic_loss,train/n_updates
0.9710255861282349,-50.0,-3.5081663131713867,4,200,-0.148034006357193,50.0,0.0,0.0003,17,11,0.226030170917511,99
0.9258120059967041,-44.625,-4.018125057220459,8,359,-0.38713908195495605,44.875,0.25,0.0003,13,27,0.21006831526756287,258
0.8718645572662354,-46.416666666666664,-4.703705787658691,12,559,-0.6894847750663757,46.583333333333336,0.16666666666666666,0.0003,12,43,0.21310728788375854,458
0.8287637233734131,-45.3125,-5.2281646728515625,16,728,-0.9493993520736694,45.5,0.1875,0.0003,13,55,0.2707783579826355,627
0.7804721593856812,-46.25,-5.771897315979004,20,928,-1.2531362771987915,46.4,0.15,0.0003,13,69,0.31001317501068115,827
0.7445740699768066,-45.041666666666664,-6.096731662750244,24,1085,-1.491824746131897,45.208333333333336,0.16666666666666666,0.0003,13,79,0.26989930868148804,984
0.7116140723228455,-43.964285714285715,-6.416933059692383,28,1236,-1.7158799171447754,44.142857142857146,0.17857142857142858,0.0003,13,90,0.2044355273246765,1135
0.6702054142951965,-44.71875,-6.75838041305542,32,1436,-2.0147387981414795,44.875,0.15625,0.0003,13,107,0.20958736538887024,1335
0.6312099695205688,-45.30555555555556,-7.122985363006592,36,1636,-2.3217382431030273,45.44444444444444,0.1388888888888889,0.0003,13,122,0.30531156063079834,1535
0.5945053100585938,-45.775,-7.46899938583374,40,1836,-2.6248466968536377,45.9,0.125,0.0003,13,138,0.29143714904785156,1735
0.5599678754806519,-46.15909090909091,-7.505440711975098,44,2036,-2.9294352531433105,46.27272727272727,0.11363636363636363,0.0003,13,152,0.2760050296783447,1935
0.5330054759979248,-45.729166666666664,-7.742395401000977,48,2201,-3.157014846801758,45.854166666666664,0.125,0.0003,13,164,0.32095474004745483,2100
0.5021287202835083,-46.05769230769231,-7.586974620819092,52,2401,-3.4569854736328125,46.17307692307692,0.11538461538461539,0.0003,13,179,0.33558863401412964,2300
0.4746434986591339,-46.125,-8.013019561767578,56,2590,-3.7139029502868652,46.25,0.125,0.0003,12,204,0.15850496292114258,2489
0.44768446683883667,-46.31666666666667,-7.925419807434082,60,2787,-3.9694623947143555,46.45,0.13333333333333333,0.0003,12,225,0.42376530170440674,2686
0.42569321393966675,-46.046875,-7.79249906539917,64,2957,-4.197985649108887,46.203125,0.15625,0.0003,11,246,0.1622747927904129,2856
0.4063490927219391,-45.63235294117647,-7.6720991134643555,68,3114,-4.453028678894043,45.794117647058826,0.16176470588235295,0.0003,11,262,0.3026537001132965,3013
0.38841766119003296,-45.208333333333336,-7.660922050476074,72,3267,-4.641134262084961,45.375,0.16666666666666666,0.0003,11,276,0.1698114275932312,3166
0.36980900168418884,-45.01315789473684,-7.710380554199219,76,3434,-4.827925682067871,45.18421052631579,0.17105263157894737,0.0003,11,288,0.20690369606018066,3333
0.34877899289131165,-45.2625,-7.401986122131348,80,3634,-5.128532409667969,45.425,0.1625,0.0003,11,309,0.3078903257846832,3533
0.3365832567214966,-44.535714285714285,-7.492339611053467,84,3756,-5.254254341125488,44.714285714285715,0.17857142857142858,0.0003,11,323,0.19336950778961182,3655
0.3246748447418213,-43.89772727272727,-7.501303672790527,88,3880,-5.201416015625,44.09090909090909,0.19318181818181818,0.0003,11,338,0.19410350918769836,3779
0.31043919920921326,-43.66304347826087,-7.211544513702393,92,4035,-5.43527889251709,43.858695652173914,0.1956521739130435,0.0003,11,351,0.19348423182964325,3934
0.30103281140327454,-42.9375,-7.147204875946045,96,4142,-5.639699459075928,43.145833333333336,0.20833333333333334,0.0003,11,358,0.4068508744239807,4041
0.29084834456443787,-42.4,-6.921960830688477,100,4262,-5.491957187652588,42.62,0.22,0.0003,11,368,0.25359466671943665,4161
0.278270423412323,-41.93,-7.191293239593506,104,4417,-5.786601543426514,42.17,0.24,0.0003,11,386,0.3942103385925293,4316
0.2734934091567993,-40.94,-6.701183319091797,108,4478,-5.841153144836426,41.19,0.25,0.0003,11,393,0.2401113659143448,4377
0.2608400583267212,-40.6,-6.588767051696777,112,4645,-5.867366790771484,40.86,0.26,0.0003,11,412,0.43490517139434814,4544
0.2492276430130005,-40.53,-6.237316608428955,116,4807,-6.059079647064209,40.79,0.26,0.0003,11,431,0.2237505316734314,4706
0.23859895765781403,-40.08,-6.136104106903076,120,4963,-6.023647308349609,40.35,0.27,0.0003,11,447,0.19837015867233276,4862
0.22852373123168945,-40.07,-6.713831901550293,124,5119,-6.39030122756958,40.34,0.27,0.0003,11,460,0.2747909426689148,5018
0.2163413166999817,-40.57,-5.818121433258057,128,5319,-6.223772048950195,40.83,0.26,0.0003,10,485,0.23751914501190186,5218
0.2098354995250702,-39.67,-5.5053019523620605,132,5431,-6.459421157836914,39.95,0.28,0.0003,10,502,0.2066967487335205,5330
0.2013760209083557,-39.18,-5.669964790344238,136,5583,-5.910732269287109,39.47,0.29,0.0003,10,525,0.21141856908798218,5482
0.19536760449409485,-38.28,-5.668670654296875,140,5695,-6.336268901824951,38.59,0.31,0.0003,10,540,0.2295827865600586,5594
0.18942049145698547,-37.41,-5.488171577453613,144,5810,-6.385763168334961,37.74,0.33,0.0003,10,555,0.22031858563423157,5709
0.18319422006607056,-37.0,-5.835098743438721,148,5935,-6.544978618621826,37.34,0.34,0.0003,10,566,0.21154001355171204,5834
0.18098893761634827,-35.41,-5.228787899017334,152,5980,-6.3118791580200195,35.79,0.38,0.0003,10,570,0.1825963854789734,5879
0.17463640868663788,-34.84,-5.387375354766846,156,6113,-6.471622467041016,35.23,0.39,0.0003,10,584,0.21035730838775635,6012
0.17158451676368713,-33.51,-5.5088210105896,160,6179,-6.662410736083984,33.92,0.41,0.0003,10,592,0.19711631536483765,6078
0.16817764937877655,-32.55,-5.038768291473389,164,6254,-5.941101551055908,32.97,0.42,0.0003,10,602,0.23045513033866882,6153
0.16590476036071777,-31.46,-4.850366592407227,168,6305,-6.6521711349487305,31.91,0.45,0.0003,10,610,0.1823481321334839,6204
0.16348586976528168,-30.46,-4.959003448486328,172,6360,-6.45542049407959,30.93,0.47,0.0003,10,615,0.16108356416225433,6259
0.16277891397476196,-28.92,-4.504039764404297,176,6376,-6.806828022003174,29.42,0.5,0.0003,10,616,0.21078048646450043,6275
0.16176876425743103,-27.11,-5.1101579666137695,180,6399,-6.440572261810303,27.65,0.54,0.0003,10,618,0.15464317798614502,6298
0.1602146178483963,-26.23,-4.886824607849121,184,6435,-6.776144981384277,26.79,0.56,0.0003,10,620,0.21105098724365234,6334
0.1574942022562027,-25.62,-5.079745769500732,188,6499,-6.255359649658203,26.19,0.57,0.0003,10,625,0.24306875467300415,6398
0.15649797022342682,-24.28,-4.21194314956665,192,6523,-6.321119785308838,24.88,0.6,0.0003,10,628,0.14883622527122498,6422
0.15302330255508423,-24.04,-4.897857189178467,196,6607,-6.270784378051758,24.65,0.61,0.0003,10,642,0.19943156838417053,6506
0.15042436122894287,-23.47,-4.759645462036133,200,6671,-6.651915550231934,24.09,0.62,0.0003,10,653,0.24262914061546326,6570
0.14789052307605743,-22.54,-4.248182773590088,204,6734,-6.603699207305908,23.17,0.63,0.0003,10,661,0.25590747594833374,6633
0.14656022191047668,-22.26,-3.7910897731781006,208,6768,-6.652429580688477,22.9,0.64,0.0003,10,665,0.20930230617523193,6667
0.1457737386226654,-20.76,-4.192031383514404,212,6788,-6.350763320922852,21.43,0.67,0.0003,10,669,0.2278887927532196,6687
0.14496055245399475,-19.32,-4.400057792663574,216,6809,-6.961548805236816,20.02,0.7,0.0003,10,673,0.2231058031320572,6708
0.14388689398765564,-18.01,-4.200430393218994,220,6837,-6.807842254638672,18.74,0.73,0.0003,10,676,0.17621538043022156,6736
0.14140531420707703,-17.08,-4.009031295776367,224,6902,-6.593677520751953,17.83,0.75,0.0003,10,684,0.25301259756088257,6801
0.14077022671699524,-15.21,-4.213052749633789,228,6919,-6.3642706871032715,16.0,0.79,0.0003,10,686,0.24197691679000854,6818
0.14025163650512695,-14.21,-4.005073070526123,232,6933,-6.572269916534424,15.02,0.81,0.0003,10,687,0.209079310297966,6832
0.13884612917900085,-13.04,-3.599980354309082,236,6971,-6.837355136871338,13.88,0.84,0.0003,10,691,0.329351007938385,6870
0.13811500370502472,-12.1,-3.994880437850952,240,6991,-6.612548351287842,12.96,0.86,0.0003,10,693,0.16635125875473022,6890
0.13737797737121582,-11.13,-4.0749430656433105,244,7011,-6.794331073760986,12.01,0.88,0.0003,10,695,0.21993029117584229,6910
0.13690608739852905,-9.99,-3.913259506225586,248,7024,-6.986840724945068,10.89,0.9,0.0003,10,697,0.24831721186637878,6923
0.1362135410308838,-9.73,-3.5007646083831787,252,7043,-6.329285621643066,10.63,0.9,0.0003,10,700,0.16403508186340332,6942
0.1354970932006836,-8.58,-3.72526216506958,256,7063,-6.838472366333008,9.5,0.92,0.0003,10,702,0.21858297288417816,6962
0.134883850812912,-8.08,-3.874270439147949,260,7080,-6.981240272521973,9.01,0.93,0.0003,10,703,0.25230419635772705,6979
0.13431251049041748,-7.48,-4.333724021911621,264,7096,-6.729593753814697,8.42,0.94,0.0003,10,705,0.17856016755104065,6995
0.13367913663387299,-7.15,-3.9414420127868652,268,7114,-6.898999214172363,8.09,0.94,0.0003,10,706,0.17116346955299377,7013
0.13300585746765137,-6.78,-4.123376369476318,272,7133,-6.683352470397949,7.73,0.95,0.0003,10,708,0.18446658551692963,7032
0.1324085295200348,-6.79,-3.8314828872680664,276,7150,-6.860193252563477,7.74,0.95,0.0003,10,709,0.18707175552845,7049
0.1318424791097641,-6.72,-4.013794422149658,280,7166,-7.08172082901001,7.67,0.95,0.0003,10,710,0.20434793829917908,7065
0.1313168704509735,-6.51,-3.299036979675293,284,7181,-6.535887241363525,7.46,0.95,0.0003,10,712,0.2549342215061188,7080
0.1303127110004425,-6.15,-3.4279088973999023,288,7210,-7.005523681640625,7.11,0.96,0.0003,10,715,0.21449768543243408,7109
0.12971539795398712,-6.08,-3.5534114837646484,292,7227,-6.892232894897461,7.04,0.96,0.0003,10,716,0.21958741545677185,7126
0.12705722451210022,-6.01,-3.4697396755218506,296,7305,-6.679691314697266,6.98,0.97,0.0003,10,723,0.2020069807767868,7204
0.1265876442193985,-5.5,-3.187105655670166,300,7319,-6.226049900054932,6.48,0.98,0.0003,10,724,0.19825392961502075,7218
0.1260640025138855,-5.02,-3.27789044380188,304,7335,-6.737213611602783,6.01,0.99,0.0003,10,726,0.23768888413906097,7234
0.125468447804451,-4.86,-3.6964359283447266,308,7353,-6.699668884277344,5.85,0.99,0.0003,10,728,0.19521571695804596,7252
0.12489945441484451,-4.83,-3.1508209705352783,312,7370,-6.167309284210205,5.82,0.99,0.0003,10,729,0.1974143385887146,7269
0.12412095814943314,-4.86,-2.7635436058044434,316,7394,-6.453333854675293,5.85,0.99,0.0003,10,731,0.19841748476028442,7293
0.12302476912736893,-4.92,-3.1712067127227783,320,7428,-6.609986305236816,5.91,0.99,0.0003,10,735,0.21469908952713013,7327
0.12257061898708344,-4.4,-2.9159605503082275,324,7442,-6.785175800323486,5.4,1.0,0.0003,10,736,0.20623305439949036,7341
0.12198341637849808,-4.41,-3.6375176906585693,328,7460,-6.187524795532227,5.41,1.0,0.0003,10,739,0.19363313913345337,7359
0.1215728148818016,-4.4,-3.113917827606201,332,7473,-7.096197128295898,5.4,1.0,0.0003,10,741,0.17837178707122803,7372
0.12100037932395935,-4.2,-3.650456428527832,336,7491,-6.623829364776611,5.2,1.0,0.0003,10,743,0.20068658888339996,7390
0.12046141922473907,-4.17,-2.9026007652282715,340,7508,-6.858983993530273,5.17,1.0,0.0003,10,745,0.1803087294101715,7407
0.12011317163705826,-4.08,-3.093348503112793,344,7519,-6.344365119934082,5.08,1.0,0.0003,10,746,0.1670718491077423,7418
0.11964982748031616,-4.1,-3.141550064086914,348,7534,-6.5095906257629395,5.1,1.0,0.0003,10,748,0.18768689036369324,7433
0.11767785996198654,-4.56,-3.1073029041290283,352,7598,-6.696903705596924,5.55,0.99,0.0003,10,754,0.1915948987007141,7497
0.11721824109554291,-4.51,-2.4760520458221436,356,7613,-6.741263389587402,5.5,0.99,0.0003,10,756,0.23380492627620697,7512
0.11679140478372574,-4.48,-2.8514082431793213,360,7627,-6.740708351135254,5.47,0.99,0.0003,10,757,0.1879437267780304,7526
0.11645854264497757,-4.43,-3.074183464050293,364,7638,-7.052004814147949,5.42,0.99,0.0003,10,758,0.19526031613349915,7537
0.11606590449810028,-4.38,-3.075164318084717,368,7651,-5.803864479064941,5.37,0.99,0.0003,10,759,0.21229800581932068,7550
0.11562114953994751,-4.34,-1.9789742231369019,372,7666,-7.305189609527588,5.33,0.99,0.0003,10,761,0.2092229127883911,7565
0.11510675400495529,-4.34,-2.5923900604248047,376,7683,-6.515187740325928,5.33,0.99,0.0003,10,764,0.2647598385810852,7582
0.11469263583421707,-4.32,-3.370245933532715,380,7697,-6.847285747528076,5.31,0.99,0.0003,10,766,0.31937822699546814,7596
0.11389357596635818,-4.44,-2.5684053897857666,384,7724,-6.603404521942139,5.43,0.99,0.0003,10,770,0.32720524072647095,7623
0.11342636495828629,-4.31,-2.59983491897583,388,7740,-6.480154991149902,5.3,0.99,0.0003,10,771,0.22873297333717346,7639
0.11275693029165268,-4.37,-3.0089423656463623,392,7763,-6.634433269500732,5.36,0.99,0.0003,10,774,0.20134186744689941,7662
0.11214140057563782,-3.8,-2.6449599266052246,396,7784,-6.114156246185303,4.79,0.99,0.0003,10,776,0.23374295234680176,7683
0.11151109635829926,-3.88,-3.121817111968994,400,7806,-6.544480800628662,4.87,0.99,0.0003,10,779,0.2082166224718094,7705
0.11081971973180771,-3.96,-2.789201498031616,404,7830,-6.908270835876465,4.95,0.99,0.0003,10,782,0.23841184377670288,7729
0.11039251834154129,-3.93,-2.4835097789764404,408,7845,-6.879522800445557,4.92,0.99,0.0003,9,784,0.21176549792289734,7744
0.10990948230028152,-3.93,-2.613740921020508,412,7862,-6.474816799163818,4.92,0.99,0.0003,9,788,0.1961568295955658,7761
0.10948836803436279,-3.84,-2.5244157314300537,416,7877,-6.578704357147217,4.83,0.99,0.0003,9,792,0.21476919949054718,7776
0.10901368409395218,-3.67,-2.571613073348999,420,7894,-6.585439205169678,4.66,0.99,0.0003,9,794,0.21806299686431885,7793
0.10854294151067734,-3.7,-2.691662311553955,424,7911,-6.70679235458374,4.69,0.99,0.0003,9,798,0.251677930355072,7810
0.10793337970972061,-3.74,-2.853638172149658,428,7933,-6.225504398345947,4.73,0.99,0.0003,9,802,0.21959030628204346,7832
0.10741115361452103,-3.8,-2.0242557525634766,432,7952,-6.292311668395996,4.79,0.99,0.0003,9,805,0.2504231631755829,7851
0.10691724717617035,-3.8,-2.0296101570129395,436,7970,-6.75847053527832,4.79,0.99,0.0003,9,807,0.22600463032722473,7869
0.10645685344934464,-3.8,-2.48897647857666,440,7987,-6.624171257019043,4.79,0.99,0.0003,9,810,0.18828845024108887,7886
0.1059432104229927,-3.88,-2.69555401802063,444,8006,-6.501476764678955,4.87,0.99,0.0003,9,813,0.1866685301065445,7905
0.10558919608592987,-3.86,-2.2726824283599854,448,8019,-6.483216762542725,4.85,0.99,0.0003,9,815,0.22543422877788544,7918
0.1052621603012085,-3.33,-2.722792387008667,452,8031,-6.765964031219482,4.33,1.0,0.0003,9,817,0.20975732803344727,7930
0.10479554533958435,-3.35,-1.8548462390899658,456,8048,-6.647520542144775,4.35,1.0,0.0003,9,819,0.2482016235589981,7947
0.10436765104532242,-3.37,-1.9512205123901367,460,8064,-6.036938190460205,4.37,1.0,0.0003,9,822,0.2554815709590912,7963
0.10392297059297562,-3.43,-2.585331439971924,464,8081,-5.879912376403809,4.43,1.0,0.0003,9,825,0.21721938252449036,7980
0.10353521257638931,-3.45,-2.4636521339416504,468,8096,-6.207935333251953,4.45,1.0,0.0003,9,827,0.18156637251377106,7995
0.10312143713235855,-3.46,-2.416945219039917,472,8112,-6.429640293121338,4.46,1.0,0.0003,9,830,0.23888400197029114,8011
0.10273466259241104,-3.44,-1.9704546928405762,476,8127,-6.3275299072265625,4.44,1.0,0.0003,9,832,0.25711286067962646,8026
0.10234855860471725,-3.45,-2.1517412662506104,480,8142,-6.330350875854492,4.45,1.0,0.0003,9,835,0.20107388496398926,8041
0.10198471695184708,-3.32,-1.7644143104553223,484,8156,-5.958798408508301,4.32,1.0,0.0003,9,837,0.20283380150794983,8055
0.10152440518140793,-3.34,-1.9048724174499512,488,8174,-6.403528213500977,4.34,1.0,0.0003,9,840,0.24811126291751862,8073
0.10111615806818008,-3.27,-2.3464367389678955,492,8190,-6.027320861816406,4.27,1.0,0.0003,9,842,0.2093525230884552,8089
0.10073549300432205,-3.21,-2.13319993019104,496,8205,-6.26679801940918,4.21,1.0,0.0003,9,845,0.2768073081970215,8104
0.10032295435667038,-3.15,-2.3752200603485107,500,8221,-6.737340927124023,4.15,1.0,0.0003,9,848,0.22700102627277374,8120
0.0999891459941864,-3.04,-2.138990879058838,504,8234,-6.18706750869751,4.04,1.0,0.0003,9,851,0.19734087586402893,8133
0.09953675419092178,-3.07,-2.394045829772949,508,8252,-6.250067710876465,4.07,1.0,0.0003,9,853,0.2339160442352295,8151
0.09909048676490784,-3.08,-1.757007122039795,512,8270,-6.521146774291992,4.08,1.0,0.0003,9,855,0.22124338150024414,8169
0.09881474822759628,-3.04,-1.9631941318511963,516,8281,-6.091614723205566,4.04,1.0,0.0003,9,856,0.2605041265487671,8180
0.098368339240551,-3.05,-2.4315907955169678,520,8299,-6.09585428237915,4.05,1.0,0.0003,9,859,0.20195618271827698,8198
0.09804835915565491,-3.01,-1.9910858869552612,524,8312,-5.863804340362549,4.01,1.0,0.0003,9,861,0.20567792654037476,8211
0.09760721027851105,-2.97,-2.0798330307006836,528,8330,-5.906641483306885,3.97,1.0,0.0003,9,862,0.21209880709648132,8229
0.09717518091201782,-2.96,-1.787548303604126,532,8348,-5.968296527862549,3.96,1.0,0.0003,9,864,0.23205885291099548,8247
0.09679730236530304,-2.94,-1.8898251056671143,536,8364,-6.524898529052734,3.94,1.0,0.0003,9,866,0.24446052312850952,8263
0.09648500382900238,-2.9,-1.5227160453796387,540,8377,-5.745038986206055,3.9,1.0,0.0003,9,867,0.23028117418289185,8276
0.09612717479467392,-2.86,-2.483804702758789,544,8392,-6.150722503662109,3.86,1.0,0.0003,9,869,0.2414129376411438,8291
0.09579502046108246,-2.87,-2.0681357383728027,548,8406,-5.338216781616211,3.87,1.0,0.0003,9,871,0.2114667296409607,8305
0.09542489796876907,-2.91,-1.5512597560882568,552,8422,-6.241555213928223,3.91,1.0,0.0003,9,873,0.23241567611694336,8321
0.09508233517408371,-2.89,-1.6067030429840088,556,8437,-5.977608680725098,3.89,1.0,0.0003,9,874,0.2358056753873825,8336
0.09478189796209335,-2.86,-2.2085084915161133,560,8450,-6.184199810028076,3.86,1.0,0.0003,9,875,0.2291697859764099,8349
0.09448927640914917,-2.82,-1.6003262996673584,564,8463,-5.7854766845703125,3.82,1.0,0.0003,9,877,0.24539440870285034,8362
0.09412417560815811,-2.83,-1.817692756652832,568,8479,-6.030610084533691,3.83,1.0,0.0003,9,879,0.20894670486450195,8378
0.09368497878313065,-2.86,-1.9399049282073975,572,8498,-6.358912467956543,3.86,1.0,0.0003,9,881,0.2476382553577423,8397
0.0934087336063385,-2.83,-2.086773633956909,576,8510,-5.943292617797852,3.83,1.0,0.0003,9,882,0.23090364038944244,8409
0.09302174299955368,-2.85,-2.1771039962768555,580,8527,-6.651348114013672,3.85,1.0,0.0003,9,884,0.2894834876060486,8426
0.09265643358230591,-2.87,-2.145070791244507,584,8543,-6.306917190551758,3.87,1.0,0.0003,9,886,0.21974977850914001,8442
0.09236830472946167,-2.82,-2.0895309448242188,588,8556,-5.711090564727783,3.82,1.0,0.0003,9,888,0.23184730112552643,8455
0.09206213057041168,-2.8,-1.6613370180130005,592,8570,-5.690427303314209,3.8,1.0,0.0003,9,890,0.2077358216047287,8469
0.09169014543294907,-2.82,-1.7395776510238647,596,8587,-6.170298099517822,3.82,1.0,0.0003,9,893,0.2130705714225769,8486
0.09131495654582977,-2.83,-2.2774784564971924,600,8604,-5.962159633636475,3.83,1.0,0.0003,9,895,0.259674608707428,8503
0.09096964448690414,-2.86,-2.127136707305908,604,8620,-5.881206512451172,3.86,1.0,0.0003,9,899,0.24010595679283142,8519
0.09065753221511841,-2.82,-1.5861940383911133,608,8634,-6.110632419586182,3.82,1.0,0.0003,9,902,0.2572785019874573,8533
0.09045678377151489,-2.73,-1.6819522380828857,612,8643,-6.2823381423950195,3.73,1.0,0.0003,9,904,0.20504021644592285,8542
0.0901884213089943,-2.74,-2.0399227142333984,616,8655,-6.198827743530273,3.74,1.0,0.0003,9,906,0.20011264085769653,8554
0.08992215991020203,-2.68,-1.38804292678833,620,8667,-5.573727607727051,3.68,1.0,0.0003,9,907,0.23966443538665771,8566
0.08961751312017441,-2.69,-1.8955810070037842,624,8681,-5.927603244781494,3.69,1.0,0.0003,9,910,0.22164681553840637,8580
0.08923161774873734,-2.69,-1.651699185371399,628,8699,-6.3191447257995605,3.69,1.0,0.0003,9,912,0.23766794800758362,8598
0.08895004540681839,-2.64,-1.9168884754180908,632,8712,-5.574799060821533,3.64,1.0,0.0003,9,914,0.21578273177146912,8611
0.08867482095956802,-2.61,-1.4189223051071167,636,8725,-5.827414512634277,3.61,1.0,0.0003,9,915,0.2296263575553894,8624
0.08826544880867004,-2.67,-1.7268825769424438,640,8744,-5.882998466491699,3.67,1.0,0.0003,9,917,0.17893058061599731,8643
0.0879499688744545,-2.67,-1.3309277296066284,644,8759,-5.583662986755371,3.67,1.0,0.0003,9,918,0.2093314826488495,8658
0.08771692216396332,-2.64,-1.6379363536834717,648,8770,-5.7888031005859375,3.64,1.0,0.0003,9,919,0.19903504848480225,8669
0.08740153163671494,-2.63,-1.4525765180587769,652,8785,-5.569268703460693,3.63,1.0,0.0003,9,920,0.19613787531852722,8684
0.08712883293628693,-2.61,-1.374673843383789,656,8798,-6.2475690841674805,3.61,1.0,0.0003,9,921,0.21363362669944763,8697
0.08692018687725067,-2.58,-2.075305938720703,660,8808,-5.346829891204834,3.58,1.0,0.0003,9,922,0.18655140697956085,8707
0.08663427829742432,-2.59,-2.0264172554016113,664,8822,-5.896206378936768,3.59,1.0,0.0003,9,923,0.2220059186220169,8721
0.08640792965888977,-2.54,-1.6311559677124023,668,8833,-5.333490371704102,3.54,1.0,0.0003,9,924,0.29184630513191223,8732
0.08616757392883301,-2.47,-1.3744992017745972,672,8845,-5.217977523803711,3.47,1.0,0.0003,9,925,0.21814441680908203,8744
0.08596906065940857,-2.45,-1.8803489208221436,676,8855,-5.588062763214111,3.45,1.0,0.0003,9,926,0.2077885866165161,8754
0.08554674685001373,-2.49,-0.6696109175682068,680,8876,-5.126296520233154,3.49,1.0,0.0003,9,927,0.2247212827205658,8775
0.08526838570833206,-2.47,-1.8484885692596436,684,8890,-5.460372447967529,3.47,1.0,0.0003,9,928,0.20474496483802795,8789
0.08508888632059097,-2.43,-2.0975217819213867,688,8899,-5.34131383895874,3.43,1.0,0.0003,9,929,0.19112041592597961,8798
0.08487352728843689,-2.4,-1.416271448135376,692,8910,-5.539386749267578,3.4,1.0,0.0003,9,930,0.2307688593864441,8809
0.08458396792411804,-2.38,-1.6154985427856445,696,8925,-5.654943466186523,3.38,1.0,0.0003,9,931,0.2339167296886444,8824
0.08435514569282532,-2.33,-1.1463614702224731,700,8937,-5.453083038330078,3.33,1.0,0.0003,9,932,0.25034263730049133,8836
0.08410382270812988,-2.3,-1.4033770561218262,704,8950,-5.804631233215332,3.3,1.0,0.0003,9,933,0.2107006311416626,8849
0.08385021239519119,-2.29,-1.734798789024353,708,8963,-5.529318809509277,3.29,1.0,0.0003,9,934,0.22276002168655396,8862
0.08355274796485901,-2.35,-1.8420543670654297,712,8978,-5.683075904846191,3.35,1.0,0.0003,9,935,0.28748106956481934,8877
0.08339705318212509,-2.31,-1.4445059299468994,716,8986,-5.79202127456665,3.31,1.0,0.0003,9,936,0.19879576563835144,8885
0.08314483612775803,-2.32,-1.3473423719406128,720,8999,-5.046080589294434,3.32,1.0,0.0003,9,937,0.27697432041168213,8898
0.08291931450366974,-2.3,-1.3986190557479858,724,9011,-5.108201026916504,3.3,1.0,0.0003,9,938,0.20040512084960938,8910
0.08268744498491287,-2.24,-1.5435322523117065,728,9023,-5.656299114227295,3.24,1.0,0.0003,9,938,0.2625572681427002,8922
0.08245667815208435,-2.23,-1.4727377891540527,732,9035,-5.072399616241455,3.23,1.0,0.0003,9,939,0.2054174393415451,8934
0.0821763426065445,-2.25,-1.5171663761138916,736,9050,-5.065384387969971,3.25,1.0,0.0003,9,940,0.23359805345535278,8949
0.08195298165082932,-2.18,-1.1531119346618652,740,9062,-5.962993144989014,3.18,1.0,0.0003,9,941,0.23123356699943542,8961
0.08170503377914429,-2.16,-1.0328090190887451,744,9075,-5.453083515167236,3.16,1.0,0.0003,9,942,0.2002977430820465,8974
0.08147994428873062,-2.17,-1.5616307258605957,748,9087,-6.089805603027344,3.17,1.0,0.0003,9,943,0.2295619547367096,8986
0.081192247569561,-2.17,-1.355509638786316,752,9102,-5.589468479156494,3.17,1.0,0.0003,9,944,0.20770631730556488,9001
0.08090631663799286,-2.19,-1.4531915187835693,756,9117,-5.777377605438232,3.19,1.0,0.0003,9,944,0.19853943586349487,9016
0.08060572296380997,-2.25,-1.0148876905441284,760,9133,-5.380954265594482,3.25,1.0,0.0003,9,945,0.25027552247047424,9032
0.08042129129171371,-2.21,-1.2959376573562622,764,9143,-5.126049518585205,3.21,1.0,0.0003,9,946,0.2376856505870819,9042
0.08018405735492706,-2.23,-1.5237431526184082,768,9156,-5.165488243103027,3.23,1.0,0.0003,9,947,0.182248055934906,9055
0.07994445413351059,-2.24,-1.2714297771453857,772,9169,-5.889045238494873,3.24,1.0,0.0003,9,948,0.23473559319972992,9068
0.07972126454114914,-2.26,-1.4811334609985352,776,9181,-5.439999580383301,3.26,1.0,0.0003,9,948,0.2096039354801178,9080
0.0794457420706749,-2.2,-1.491429328918457,780,9196,-5.156426906585693,3.2,1.0,0.0003,9,949,0.20228342711925507,9095
0.07924401015043259,-2.17,-1.3985216617584229,784,9207,-4.81532096862793,3.17,1.0,0.0003,9,950,0.20749199390411377,9106
0.07895737141370773,-2.24,-1.6358541250228882,788,9223,-4.9033355712890625,3.24,1.0,0.0003,9,951,0.20923469960689545,9122
0.07876355946063995,-2.24,-1.1284503936767578,792,9234,-5.167327404022217,3.24,1.0,0.0003,9,952,0.22325065732002258,9133
0.07855108380317688,-2.21,-1.418073058128357,796,9246,-4.983567714691162,3.21,1.0,0.0003,9,952,0.20385706424713135,9145
0.0783424898982048,-2.21,-1.7353394031524658,800,9258,-5.33935022354126,3.21,1.0,0.0003,9,953,0.17111486196517944,9157
0.07816938310861588,-2.18,-1.2902493476867676,804,9268,-4.991372108459473,3.18,1.0,0.0003,9,954,0.2450857013463974,9167
0.07795735448598862,-2.17,-1.5139786005020142,808,9280,-4.709502220153809,3.17,1.0,0.0003,9,955,0.18937750160694122,9179
0.07771492004394531,-2.16,-1.6543669700622559,812,9294,-5.787116050720215,3.16,1.0,0.0003,9,956,0.21647995710372925,9193
0.07752484828233719,-2.19,-1.4065887928009033,816,9305,-5.452845096588135,3.19,1.0,0.0003,9,956,0.2304602563381195,9204
0.07728294283151627,-2.2,-0.9683064818382263,820,9319,-5.003472328186035,3.2,1.0,0.0003,9,957,0.20991136133670807,9218
0.07711032032966614,-2.18,-1.6037235260009766,824,9329,-4.8101067543029785,3.18,1.0,0.0003,9,958,0.21937403082847595,9228
0.07695472240447998,-2.15,-1.7095701694488525,828,9338,-5.2884321212768555,3.15,1.0,0.0003,9,958,0.19896437227725983,9237
0.07676316052675247,-2.14,-1.509481430053711,832,9349,-5.376369476318359,3.14,1.0,0.0003,9,959,0.2024575173854828,9248
0.0764659121632576,-2.16,-1.0097665786743164,836,9366,-4.573450565338135,3.16,1.0,0.0003,9,960,0.21522466838359833,9265
0.07622324675321579,-2.19,-1.1440731287002563,840,9381,-5.098982334136963,3.19,1.0,0.0003,9,961,0.20441332459449768,9280
0.07605317234992981,-2.16,-1.3038015365600586,844,9391,-4.797935485839844,3.16,1.0,0.0003,9,962,0.20468610525131226,9290
0.07579534500837326,-2.19,-1.3989202976226807,848,9406,-5.03871488571167,3.19,1.0,0.0003,9,963,0.2247343361377716,9305
0.07554041594266891,-2.19,-0.8899738192558289,852,9421,-4.967715740203857,3.19,1.0,0.0003,9,964,0.23958060145378113,9320
0.07525095343589783,-2.21,-1.1230064630508423,856,9438,-4.874671459197998,3.21,1.0,0.0003,9,966,0.2211948037147522,9337
0.07502521574497223,-2.18,-1.1514595746994019,860,9451,-5.123963832855225,3.18,1.0,0.0003,9,967,0.21801310777664185,9350
0.07485665380954742,-2.18,-1.2499579191207886,864,9461,-4.60427713394165,3.18,1.0,0.0003,9,968,0.2227591723203659,9360
0.07470843940973282,-2.14,-1.1227506399154663,868,9470,-5.248401641845703,3.14,1.0,0.0003,9,968,0.20148460566997528,9369
0.07452531158924103,-2.12,-1.010770559310913,872,9481,-4.691653251647949,3.12,1.0,0.0003,9,969,0.16317296028137207,9380
0.07428107410669327,-2.15,-1.3500573635101318,876,9496,-4.782549858093262,3.15,1.0,0.0003,9,970,0.19433751702308655,9395
0.07406812161207199,-2.13,-0.9704794883728027,880,9509,-5.308365821838379,3.13,1.0,0.0003,9,971,0.1782028079032898,9408
0.07381878793239594,-2.17,-1.8118395805358887,884,9524,-5.0772318840026855,3.17,1.0,0.0003,9,971,0.21665896475315094,9423
0.0735887810587883,-2.15,-1.2574667930603027,888,9538,-5.195974349975586,3.15,1.0,0.0003,9,972,0.2095360904932022,9437
0.07337801903486252,-2.17,-1.2138859033584595,892,9551,-4.362253665924072,3.17,1.0,0.0003,9,973,0.18991273641586304,9450
0.07317157089710236,-2.18,-1.2450791597366333,896,9564,-5.074406623840332,3.18,1.0,0.0003,9,974,0.2078515589237213,9463
0.07297179847955704,-2.18,-1.3485267162322998,900,9576,-5.15888786315918,3.18,1.0,0.0003,9,975,0.20655855536460876,9475
0.07275300472974777,-2.21,-1.4661130905151367,904,9589,-4.5142388343811035,3.21,1.0,0.0003,9,976,0.21744543313980103,9488
0.07259323447942734,-2.19,-1.3399611711502075,908,9599,-4.894635200500488,3.19,1.0,0.0003,9,977,0.24159911274909973,9498
0.07240547984838486,-2.17,-1.3168740272521973,912,9611,-4.58639669418335,3.17,1.0,0.0003,9,978,0.18349429965019226,9510
0.07219225913286209,-2.2,-0.8525448441505432,916,9625,-4.956443786621094,3.2,1.0,0.0003,9,979,0.189229816198349,9524
0.0720059722661972,-2.18,-1.8449039459228516,920,9637,-4.431694030761719,3.18,1.0,0.0003,9,979,0.20583757758140564,9536
0.07180429250001907,-2.21,-1.3671820163726807,924,9650,-4.249731540679932,3.21,1.0,0.0003,9,980,0.1932106763124466,9549
0.07160096615552902,-2.25,-1.4923651218414307,928,9663,-4.65216588973999,3.25,1.0,0.0003,9,981,0.1969468891620636,9562
0.07143190503120422,-2.25,-0.9958746433258057,932,9674,-4.462808609008789,3.25,1.0,0.0003,9,982,0.1944064497947693,9573
0.0713074654340744,-2.16,-0.9814233183860779,936,9682,-4.272417068481445,3.16,1.0,0.0003,9,983,0.1757100522518158,9581
0.07112160325050354,-2.13,-1.0607482194900513,940,9694,-5.271980285644531,3.13,1.0,0.0003,9,984,0.20938795804977417,9593
0.07087159156799316,-2.19,-1.0632469654083252,944,9710,-4.834202766418457,3.19,1.0,0.0003,9,985,0.18765488266944885,9609
0.07073242962360382,-2.13,-1.8199611902236938,948,9719,-5.061877727508545,3.13,1.0,0.0003,9,986,0.20138218998908997,9618
0.0705135315656662,-2.12,-0.7416688203811646,952,9733,-5.089174270629883,3.12,1.0,0.0003,9,987,0.1682509481906891,9632
0.07029220461845398,-2.09,-0.9710213541984558,956,9747,-4.165526866912842,3.09,1.0,0.0003,9,988,0.19601839780807495,9646
0.07008347660303116,-2.1,-1.1495200395584106,960,9761,-4.721534252166748,3.1,1.0,0.0003,9,989,0.18796944618225098,9660
0.06988433748483658,-2.13,-1.3390953540802002,964,9774,-4.197158336639404,3.13,1.0,0.0003,9,990,0.18369293212890625,9673
0.06969114392995834,-2.17,-1.3305022716522217,968,9787,-4.728097915649414,3.17,1.0,0.0003,9,991,0.20656941831111908,9686
0.06951958686113358,-2.17,-1.3272556066513062,972,9798,-5.134336948394775,3.17,1.0,0.0003,9,992,0.17747095227241516,9697
0.06928830593824387,-2.17,-1.6173593997955322,976,9813,-4.621390342712402,3.17,1.0,0.0003,9,993,0.20999972522258759,9712
0.06910490244626999,-2.16,-1.0780713558197021,980,9825,-4.202128887176514,3.16,1.0,0.0003,9,993,0.1852383017539978,9724
0.06888861209154129,-2.15,-0.794426679611206,984,9839,-4.424434661865234,3.15,1.0,0.0003,9,994,0.1871587038040161,9738
0.06867924332618713,-2.15,-1.096100926399231,988,9853,-4.839187145233154,3.15,1.0,0.0003,9,995,0.21369868516921997,9752
0.06847480684518814,-2.16,-0.7250260710716248,992,9867,-4.5154876708984375,3.16,1.0,0.0003,9,996,0.20243601500988007,9766
0.06827037036418915,-2.17,-0.8297752737998962,996,9881,-4.314084529876709,3.17,1.0,0.0003,9,998,0.16894429922103882,9780
0.06806693226099014,-2.19,-1.1130224466323853,1000,9895,-4.477036952972412,3.19,1.0,0.0003,9,999,0.18452692031860352,9794
0.06779256463050842,-2.24,-0.404910683631897,1004,9913,-3.7555770874023438,3.24,1.0,0.0003,9,1000,0.15930524468421936,9812
0.0676647201180458,-2.23,-0.7426081299781799,1008,9922,-4.283463478088379,3.23,1.0,0.0003,9,1001,0.1951160430908203,9821
0.06753705441951752,-2.2,-1.444636583328247,1012,9931,-4.521676540374756,3.2,1.0,0.0003,9,1002,0.2284565418958664,9830
0.06734886020421982,-2.19,-0.9048529863357544,1016,9944,-4.91627836227417,3.19,1.0,0.0003,9,1003,0.16682837903499603,9843
0.06712883710861206,-2.22,-1.162589430809021,1020,9959,-4.607621669769287,3.22,1.0,0.0003,9,1004,0.19566184282302856,9858
0.06694606691598892,-2.22,-0.6430602669715881,1024,9972,-3.982689380645752,3.22,1.0,0.0003,9,1005,0.17675669491291046,9871
0.06677625328302383,-2.21,-1.0970828533172607,1028,9984,-4.651719570159912,3.21,1.0,0.0003,9,1006,0.1790769100189209,9883
0.06658593565225601,-2.23,-1.0988097190856934,1032,9997,-4.569197177886963,3.23,1.0,0.0003,9,1007,0.17612378299236298,9896
0.06643988192081451,-2.25,-1.0399209260940552,1036,10007,-4.53886079788208,3.25,1.0,0.0003,9,1008,0.1884629875421524,9906
0.06625067442655563,-2.26,-1.1302779912948608,1040,10020,-4.30142068862915,3.26,1.0,0.0003,9,1009,0.16853630542755127,9919
0.06606711447238922,-2.23,-1.0691176652908325,1044,10033,-4.70479154586792,3.23,1.0,0.0003,9,1010,0.16003122925758362,9932
0.06597114354372025,-2.21,-0.667616605758667,1048,10040,-4.1381096839904785,3.21,1.0,0.0003,9,1011,0.1975802183151245,9939
0.06582332402467728,-2.18,-1.468925952911377,1052,10051,-4.756440162658691,3.18,1.0,0.0003,9,1012,0.2154058814048767,9950
0.06563703715801239,-2.17,-0.9121020436286926,1056,10064,-4.34785270690918,3.17,1.0,0.0003,9,1013,0.17155055701732635,9963
0.06546074897050858,-2.16,-1.5351101160049438,1060,10077,-4.218961238861084,3.16,1.0,0.0003,9,1014,0.2004929482936859,9976
0.06529312580823898,-2.15,-1.0729222297668457,1064,10089,-4.3295111656188965,3.15,1.0,0.0003,9,1015,0.18343910574913025,9988
0.06502049416303635,-2.21,-1.0269428491592407,1068,10108,-4.063743591308594,3.21,1.0,0.0003,9,1016,0.18134805560112,10007
0.06484027206897736,-2.23,-1.0124837160110474,1072,10121,-4.18343448638916,3.23,1.0,0.0003,9,1018,0.17012816667556763,10020
0.06471727043390274,-2.17,-1.349794626235962,1076,10130,-4.338992595672607,3.17,1.0,0.0003,9,1018,0.21133071184158325,10029
0.0645943209528923,-2.14,-1.0599688291549683,1080,10139,-4.458603382110596,3.14,1.0,0.0003,9,1019,0.1685938835144043,10038
0.06438722461462021,-2.15,-1.1564419269561768,1084,10154,-3.440620183944702,3.15,1.0,0.0003,9,1021,0.17130553722381592,10053
0.06416913121938705,-2.17,-1.2880011796951294,1088,10170,-4.496983051300049,3.17,1.0,0.0003,9,1022,0.17607568204402924,10069
0.06398865580558777,-2.16,-1.2752901315689087,1092,10183,-4.859472751617432,3.16,1.0,0.0003,9,1023,0.20713479816913605,10082
0.06382110714912415,-2.14,-0.8597132563591003,1096,10195,-4.238837718963623,3.14,1.0,0.0003,9,1024,0.19380012154579163,10094
0.0636843666434288,-2.1,-0.8315207362174988,1100,10205,-3.9471490383148193,3.1,1.0,0.0003,9,1025,0.13787047564983368,10104
0.06349385529756546,-2.06,-0.7352480888366699,1104,10219,-4.383762359619141,3.06,1.0,0.0003,9,1026,0.17236113548278809,10118
0.06334810703992844,-2.08,-0.6471688151359558,1108,10230,-4.141781806945801,3.08,1.0,0.0003,9,1027,0.13571219146251678,10129
0.06322980672121048,-2.08,-0.9345842003822327,1112,10239,-3.9417171478271484,3.08,1.0,0.0003,9,1028,0.1717783808708191,10138
0.06304848939180374,-2.09,-1.1266956329345703,1116,10253,-4.719422340393066,3.09,1.0,0.0003,9,1029,0.18899482488632202,10152
0.0628993809223175,-2.05,-0.8462199568748474,1120,10264,-4.152090549468994,3.05,1.0,0.0003,9,1030,0.16919001936912537,10163
0.0627661943435669,-2.02,-0.992682695388794,1124,10274,-3.7702670097351074,3.02,1.0,0.0003,9,1031,0.17398881912231445,10173
0.06266366690397263,-1.98,-0.9390696287155151,1128,10282,-3.746807098388672,2.98,1.0,0.0003,9,1032,0.20593515038490295,10181
0.06251007318496704,-1.97,-1.33803391456604,1132,10294,-4.328917980194092,2.97,1.0,0.0003,9,1033,0.19532084465026855,10193
0.062391284853219986,-1.96,-1.298506498336792,1136,10303,-4.435176849365234,2.96,1.0,0.0003,9,1034,0.2092019021511078,10202
0.062248099595308304,-1.94,-0.8207886815071106,1140,10314,-3.8804473876953125,2.94,1.0,0.0003,9,1034,0.18836171925067902,10213
0.06215865537524223,-1.88,-0.7037544846534729,1144,10321,-4.808624744415283,2.88,1.0,0.0003,9,1035,0.16189484298229218,10220
0.062026944011449814,-1.91,-1.4478809833526611,1148,10331,-4.193779468536377,2.91,1.0,0.0003,9,1035,0.20384547114372253,10230
0.061896130442619324,-1.9,-0.9318311214447021,1152,10341,-4.710773468017578,2.9,1.0,0.0003,9,1036,0.16638126969337463,10240
0.061725638806819916,-1.9,-1.22916841506958,1156,10354,-4.15073299407959,2.9,1.0,0.0003,9,1037,0.22544339299201965,10253
0.06154245510697365,-1.91,-1.0503456592559814,1160,10368,-2.8285698890686035,2.91,1.0,0.0003,9,1038,0.1661599725484848,10267
0.06136920675635338,-1.93,-0.8331849575042725,1164,10382,-4.195068836212158,2.93,1.0,0.0003,9,1039,0.18808266520500183,10281
0.06126469746232033,-1.82,-1.1879225969314575,1168,10390,-3.8632564544677734,2.82,1.0,0.0003,9,1040,0.17516854405403137,10289
0.06111074611544609,-1.81,-0.7904080748558044,1172,10402,-3.912400007247925,2.81,1.0,0.0003,9,1041,0.2056809514760971,10301
0.06097199395298958,-1.83,-0.8967427015304565,1176,10413,-3.8008766174316406,2.83,1.0,0.0003,9,1042,0.1757606565952301,10312
0.06081003695726395,-1.87,-0.8510507941246033,1180,10426,-4.034874439239502,2.87,1.0,0.0003,9,1044,0.14778414368629456,10325
0.060661278665065765,-1.84,-1.2605491876602173,1184,10438,-3.8398566246032715,2.84,1.0,0.0003,9,1045,0.14915840327739716,10337
0.06056448444724083,-1.76,-1.005102276802063,1188,10446,-4.1989641189575195,2.76,1.0,0.0003,9,1046,0.1598816215991974,10345
0.060390736907720566,-1.77,-0.7496433854103088,1192,10460,-3.5009765625,2.77,1.0,0.0003,9,1048,0.18165996670722961,10359
0.06021066755056381,-1.79,-0.5419657826423645,1196,10474,-3.2479090690612793,2.79,1.0,0.0003,9,1049,0.1732989251613617,10373
0.060049012303352356,-1.82,-0.7845578193664551,1200,10487,-3.1738035678863525,2.82,1.0,0.0003,9,1051,0.17382928729057312,10386
0.0599297434091568,-1.78,-1.370368480682373,1204,10497,-3.8668222427368164,2.78,1.0,0.0003,9,1052,0.18785282969474792,10396
0.05982494354248047,-1.76,-0.6872735023498535,1208,10506,-3.052734851837158,2.76,1.0,0.0003,9,1052,0.15316125750541687,10405
0.05970661714673042,-1.77,-1.034995675086975,1212,10516,-4.230901718139648,2.77,1.0,0.0003,9,1053,0.17635968327522278,10415
0.05953080207109451,-1.77,-1.1506268978118896,1216,10530,-4.093560218811035,2.77,1.0,0.0003,9,1055,0.16217604279518127,10429
0.0593687929213047,-1.79,-0.6252853870391846,1220,10543,-4.022676944732666,2.79,1.0,0.0003,9,1056,0.15141183137893677,10442
0.05919744446873665,-1.83,-0.9505595564842224,1224,10557,-3.9215731620788574,2.83,1.0,0.0003,9,1057,0.16688725352287292,10456
0.05901593714952469,-1.9,-0.9199777245521545,1228,10572,-3.876668930053711,2.9,1.0,0.0003,9,1058,0.1672990322113037,10471
0.058891505002975464,-1.88,-1.4083828926086426,1232,10582,-4.264754772186279,2.88,1.0,0.0003,9,1059,0.1548711657524109,10481
0.058753322809934616,-1.9,-0.8300977945327759,1236,10593,-3.4196722507476807,2.9,1.0,0.0003,9,1059,0.15410852432250977,10492
0.05857665464282036,-1.94,-0.4568403959274292,1240,10608,-4.371987819671631,2.94,1.0,0.0003,9,1060,0.14824488759040833,10507
0.058431535959243774,-1.99,-1.04453706741333,1244,10620,-4.230248928070068,2.99,1.0,0.0003,9,1062,0.15117862820625305,10519
0.0582607239484787,-2.03,-0.884843111038208,1248,10634,-3.337772846221924,3.03,1.0,0.0003,10,1063,0.14303454756736755,10533
0.05809282511472702,-2.07,-0.6443215608596802,1252,10648,-3.7659099102020264,3.07,1.0,0.0003,10,1064,0.1761331558227539,10547
0.057944025844335556,-2.06,-1.0689010620117188,1256,10660,-3.9462547302246094,3.06,1.0,0.0003,10,1064,0.16135330498218536,10559
0.0577886626124382,-2.05,-1.0195101499557495,1260,10673,-3.54026198387146,3.05,1.0,0.0003,10,1065,0.17134492099285126,10572
0.05763272941112518,-2.04,-1.1761577129364014,1264,10686,-3.656557321548462,3.04,1.0,0.0003,10,1066,0.16638454794883728,10585
0.057479821145534515,-2.09,-1.0481247901916504,1268,10699,-4.134259223937988,3.09,1.0,0.0003,10,1067,0.17111006379127502,10598
0.057358842343091965,-2.07,-1.1586309671401978,1272,10709,-3.578385353088379,3.07,1.0,0.0003,10,1068,0.1430918276309967,10608
0.05722843483090401,-2.07,-0.8576885461807251,1276,10720,-3.5308337211608887,3.07,1.0,0.0003,10,1069,0.17440834641456604,10619
0.05707141384482384,-2.07,-0.7990491390228271,1280,10733,-3.4530036449432373,3.07,1.0,0.0003,10,1070,0.17343296110630035,10632
0.05692834034562111,-2.07,-0.7410353422164917,1284,10745,-3.7763538360595703,3.07,1.0,0.0003,10,1071,0.1499699354171753,10644
0.056775130331516266,-2.12,-0.8688884377479553,1288,10758,-3.3616366386413574,3.12,1.0,0.0003,10,1072,0.16242405772209167,10657
0.05666932463645935,-2.07,-0.7699041962623596,1292,10767,-3.5781826972961426,3.07,1.0,0.0003,10,1073,0.16909052431583405,10666
0.056481048464775085,-2.09,-1.1852309703826904,1296,10783,-3.185946226119995,3.09,1.0,0.0003,10,1074,0.17243371903896332,10682
0.05639154464006424,-2.04,-0.5862289071083069,1300,10791,-3.2205777168273926,3.04,1.0,0.0003,10,1075,0.14939704537391663,10690
0.05625312402844429,-2.06,-0.8867999911308289,1304,10803,-3.3747053146362305,3.06,1.0,0.0003,10,1077,0.14033280313014984,10702
0.05610189586877823,-2.1,-1.244661569595337,1308,10816,-3.896418333053589,3.1,1.0,0.0003,10,1078,0.19224780797958374,10715
0.05599496513605118,-2.09,-1.203232765197754,1312,10825,-3.2445709705352783,3.09,1.0,0.0003,10,1079,0.16910678148269653,10724
0.05589091777801514,-2.04,-0.9758882522583008,1316,10834,-3.3627638816833496,3.04,1.0,0.0003,10,1080,0.14945662021636963,10733
0.05579310283064842,-2.0,-0.7907357215881348,1320,10843,-3.3096461296081543,3.0,1.0,0.0003,10,1081,0.16034874320030212,10742
0.05568389222025871,-1.96,-0.789095401763916,1324,10853,-3.710113525390625,2.96,1.0,0.0003,10,1082,0.14434176683425903,10752
0.0555303655564785,-1.95,-1.1914068460464478,1328,10867,-3.3465921878814697,2.95,1.0,0.0003,10,1084,0.1562722772359848,10766
0.05540131404995918,-1.97,-0.48791611194610596,1332,10879,-3.8454091548919678,2.97,1.0,0.0003,10,1086,0.14043107628822327,10778
0.05527361482381821,-1.97,-0.9793570041656494,1336,10890,-3.878532886505127,2.97,1.0,0.0003,10,1087,0.1633722484111786,10789
0.05517919361591339,-1.9,-0.8321917057037354,1340,10898,-3.2683093547821045,2.9,1.0,0.0003,10,1088,0.1412152498960495,10797
0.055047422647476196,-1.9,-0.8531664609909058,1344,10910,-4.129827499389648,2.9,1.0,0.0003,10,1089,0.17021113634109497,10809
0.05491718649864197,-1.87,-0.5754418969154358,1348,10921,-4.43963098526001,2.87,1.0,0.0003,10,1090,0.17696982622146606,10820
0.054730989038944244,-1.89,-1.1337306499481201,1352,10937,-3.4894022941589355,2.89,1.0,0.0003,10,1091,0.16166913509368896,10836
0.05458942428231239,-1.9,-0.7035437822341919,1356,10950,-3.070361614227295,2.9,1.0,0.0003,10,1093,0.16661417484283447,10849
0.05447240173816681,-1.88,-1.0722343921661377,1360,10961,-4.000863075256348,2.88,1.0,0.0003,9,1096,0.1750289797782898,10860
0.05435952916741371,-1.85,-0.5565593242645264,1364,10971,-3.0389702320098877,2.85,1.0,0.0003,9,1097,0.17443642020225525,10870
0.05423583462834358,-1.83,-1.1446547508239746,1368,10982,-3.429091453552246,2.83,1.0,0.0003,9,1099,0.1507396101951599,10881
0.05407717078924179,-1.87,-1.1476763486862183,1372,10996,-3.726287841796875,2.87,1.0,0.0003,9,1102,0.15116310119628906,10895
0.05394300818443298,-1.88,-0.6721091866493225,1376,11008,-3.125009059906006,2.88,1.0,0.0003,9,1104,0.1391926407814026,10907
0.0537831112742424,-1.89,-1.0511760711669922,1380,11022,-2.9142544269561768,2.89,1.0,0.0003,9,1106,0.15341618657112122,10921
0.05365176126360893,-1.89,-0.8991395831108093,1384,11034,-3.5125017166137695,2.89,1.0,0.0003,9,1108,0.1574573516845703,10933
0.05351867526769638,-1.88,-1.1363351345062256,1388,11046,-3.8843729496002197,2.88,1.0,0.0003,9,1110,0.18157562613487244,10945
0.05337420105934143,-1.92,-1.0918611288070679,1392,11059,-3.45792818069458,2.92,1.0,0.0003,9,1112,0.15463367104530334,10958
0.053217411041259766,-1.9,-1.004668116569519,1396,11073,-3.70654034614563,2.9,1.0,0.0003,9,1115,0.1466984748840332,10972
0.05306248739361763,-1.96,-1.42741060256958,1400,11087,-3.2555251121520996,2.96,1.0,0.0003,9,1116,0.14889556169509888,10986
0.05293899402022362,-1.95,-0.8328932523727417,1404,11098,-3.0897717475891113,2.95,1.0,0.0003,9,1117,0.13081082701683044,10997
0.052839163690805435,-1.91,-0.7604231238365173,1408,11107,-3.2937815189361572,2.91,1.0,0.0003,9,1118,0.17145659029483795,11006
0.05269734933972359,-1.95,-1.0765444040298462,1412,11120,-3.5082244873046875,2.95,1.0,0.0003,9,1119,0.15982773900032043,11019
0.052528973668813705,-2.02,-0.6942307949066162,1416,11136,-4.042943000793457,3.02,1.0,0.0003,9,1121,0.1508341282606125,11035
0.05239039286971092,-2.06,-0.41594424843788147,1420,11149,-3.490372657775879,3.06,1.0,0.0003,9,1122,0.17683419585227966,11048
0.05229209363460541,-2.05,-1.0366837978363037,1424,11158,-3.253244161605835,3.05,1.0,0.0003,9,1123,0.13622504472732544,11057
0.05217180773615837,-2.02,-1.2863514423370361,1428,11169,-3.6962947845458984,3.02,1.0,0.0003,9,1124,0.15551745891571045,11068
0.05208802595734596,-1.98,-1.225909948348999,1432,11177,-3.207482099533081,2.98,1.0,0.0003,9,1124,0.13940560817718506,11076
0.05197222903370857,-1.98,-0.8931393623352051,1436,11188,-3.617198944091797,2.98,1.0,0.0003,9,1125,0.1488625854253769,11087
0.05182713270187378,-2.03,-0.8796620965003967,1440,11201,-3.621371030807495,3.03,1.0,0.0003,9,1127,0.15426453948020935,11100
0.051694393157958984,-2.03,-0.5049481391906738,1444,11213,-2.670877456665039,3.03,1.0,0.0003,9,1128,0.13220685720443726,11112
0.051534395664930344,-2.07,-0.8756946325302124,1448,11228,-3.11625075340271,3.07,1.0,0.0003,9,1129,0.142910897731781,11127
0.05138614773750305,-2.05,-0.8806318044662476,1452,11242,-3.947256326675415,3.05,1.0,0.0003,9,1130,0.16615259647369385,11141
0.051258109509944916,-2.04,-0.9814429879188538,1456,11254,-2.6115453243255615,3.04,1.0,0.0003,9,1131,0.13928769528865814,11153
0.051099155098199844,-2.08,-0.9232985973358154,1460,11269,-3.6145455837249756,3.08,1.0,0.0003,9,1132,0.1638766974210739,11168
0.05096926540136337,-2.1,-0.5931132435798645,1464,11281,-3.337851047515869,3.1,1.0,0.0003,9,1132,0.1646369993686676,11180
0.050875429064035416,-2.08,-0.4433128833770752,1468,11290,-2.8246583938598633,3.08,1.0,0.0003,9,1133,0.13216233253479004,11189
0.050750091671943665,-2.07,-0.5668898820877075,1472,11303,-2.9816315174102783,3.07,1.0,0.0003,9,1134,0.11791010200977325,11202
0.05065357685089111,-2.05,-0.6550009250640869,1476,11313,-3.5325803756713867,3.05,1.0,0.0003,9,1135,0.1784103810787201,11212
0.050485625863075256,-2.08,-0.7532387971878052,1480,11330,-2.839578151702881,3.08,1.0,0.0003,9,1136,0.1404823660850525,11229
0.05033383145928383,-2.11,-0.9867243766784668,1484,11345,-4.01595401763916,3.11,1.0,0.0003,9,1137,0.1599680483341217,11244
0.05020538717508316,-2.11,-0.5784354209899902,1488,11357,-3.8697752952575684,3.11,1.0,0.0003,9,1138,0.13958489894866943,11256
0.050108179450035095,-2.07,-0.8829848766326904,1492,11366,-3.456678867340088,3.07,1.0,0.0003,9,1138,0.16438299417495728,11265
0.04998420551419258,-2.05,-0.525030255317688,1496,11378,-3.2470545768737793,3.05,1.0,0.0003,9,1139,0.1553877741098404,11277
0.04989391937851906,-2.0,-0.47749626636505127,1500,11387,-2.6001710891723633,3.0,1.0,0.0003,9,1139,0.14890868961811066,11286
0.04979483038187027,-1.99,-1.1440430879592896,1504,11397,-3.7124083042144775,2.99,1.0,0.0003,9,1140,0.12799948453903198,11296
0.04969005286693573,-2.0,-0.8841781616210938,1508,11407,-4.276340484619141,3.0,1.0,0.0003,9,1141,0.15284757316112518,11306
0.04955507442355156,-2.0,-0.452318012714386,1512,11420,-2.332447052001953,3.0,1.0,0.0003,9,1142,0.1423588991165161,11319
0.049446024000644684,-1.95,-0.739849328994751,1516,11431,-3.4353220462799072,2.95,1.0,0.0003,10,1143,0.17457088828086853,11330
0.04930492490530014,-1.96,-0.8351817727088928,1520,11445,-2.5101988315582275,2.96,1.0,0.0003,10,1143,0.13477307558059692,11344
0.04916684329509735,-2.01,-1.084092617034912,1524,11459,-3.1923916339874268,3.01,1.0,0.0003,10,1144,0.1416880190372467,11358
0.049073901027441025,-1.99,-0.5274050831794739,1528,11468,-3.192187786102295,2.99,1.0,0.0003,10,1145,0.16381245851516724,11367
0.04892498627305031,-2.06,-0.2712799608707428,1532,11483,-2.9337494373321533,3.06,1.0,0.0003,10,1146,0.13999229669570923,11382
0.048803430050611496,-2.07,-1.0288944244384766,1536,11495,-2.918034076690674,3.07,1.0,0.0003,10,1147,0.13166245818138123,11394
0.04866519570350647,-2.07,-0.7360473275184631,1540,11508,-3.2737679481506348,3.07,1.0,0.0003,10,1148,0.14064043760299683,11407
0.04856377840042114,-2.05,-0.6016231775283813,1544,11518,-2.599322557449341,3.05,1.0,0.0003,10,1149,0.17112362384796143,11417
0.04844682663679123,-2.02,-1.1000953912734985,1548,11530,-3.494276523590088,3.02,1.0,0.0003,10,1149,0.14711368083953857,11429
0.048302602022886276,-2.02,-0.9317201972007751,1552,11544,-3.0526671409606934,3.02,1.0,0.0003,10,1150,0.10988108068704605,11443
0.04819700866937637,-2.01,-0.6835935711860657,1556,11555,-2.361679792404175,3.01,1.0,0.0003,10,1151,0.1285618394613266,11454
0.048052988946437836,-2.01,-0.8859845995903015,1560,11570,-3.4522483348846436,3.01,1.0,0.0003,10,1151,0.13726985454559326,11469
0.04795617610216141,-1.99,-0.8005282282829285,1564,11580,-3.3730640411376953,2.99,1.0,0.0003,10,1152,0.13492372632026672,11479
0.04785642772912979,-2.0,-0.906244695186615,1568,11590,-3.0647196769714355,3.0,1.0,0.0003,10,1153,0.1366555392742157,11489
0.04772374406456947,-2.0,-1.0757983922958374,1572,11603,-3.336796283721924,3.0,1.0,0.0003,10,1154,0.12512151896953583,11502
0.04761820286512375,-2.01,-0.922101616859436,1576,11614,-2.648728370666504,3.01,1.0,0.0003,10,1155,0.14735007286071777,11513
0.04751939699053764,-1.95,-0.35730427503585815,1580,11625,-3.1435842514038086,2.95,1.0,0.0003,10,1156,0.11422459781169891,11524
0.047418538480997086,-1.91,-0.6764978766441345,1584,11636,-2.2939038276672363,2.91,1.0,0.0003,10,1157,0.13415083289146423,11535
0.047299109399318695,-1.92,-1.0654852390289307,1588,11649,-2.7926130294799805,2.92,1.0,0.0003,10,1158,0.1411122977733612,11548
0.04717305675148964,-1.97,-0.4231545329093933,1592,11663,-3.5674405097961426,2.97,1.0,0.0003,10,1159,0.13171681761741638,11562
0.04709908738732338,-1.93,-1.0506670475006104,1596,11671,-2.8476972579956055,2.93,1.0,0.0003,10,1159,0.13096335530281067,11570
0.046987924724817276,-1.96,-0.5167315602302551,1600,11683,-3.045539379119873,2.96,1.0,0.0003,10,1160,0.12512201070785522,11582
0.046875547617673874,-1.98,-1.1967508792877197,1604,11695,-2.913203477859497,2.98,1.0,0.0003,10,1162,0.13772153854370117,11594
0.046745382249355316,-2.02,-0.6186857223510742,1608,11709,-2.6883325576782227,3.02,1.0,0.0003,10,1163,0.13829508423805237,11608
0.04665578529238701,-1.99,-0.6133989095687866,1612,11719,-2.659571647644043,2.99,1.0,0.0003,10,1163,0.12852829694747925,11618
0.04656706005334854,-1.98,-0.9837119579315186,1616,11729,-3.297771453857422,2.98,1.0,0.0003,10,1164,0.11938180774450302,11628
0.04645116254687309,-1.96,-0.9496065974235535,1620,11741,-2.7124624252319336,2.96,1.0,0.0003,10,1165,0.14140909910202026,11640
0.04631582647562027,-1.97,-0.6447818279266357,1624,11756,-2.9586448669433594,2.97,1.0,0.0003,10,1167,0.13467448949813843,11655
0.04621409252285957,-2.0,-0.6874220371246338,1628,11768,-2.7364397048950195,3.0,1.0,0.0003,10,1168,0.12135808169841766,11667
0.0461193211376667,-1.96,-0.8176985383033752,1632,11779,-2.8225011825561523,2.96,1.0,0.0003,10,1169,0.1484847515821457,11678
0.04602914676070213,-1.94,-1.2351021766662598,1636,11789,-3.1670455932617188,2.94,1.0,0.0003,10,1170,0.1388278305530548,11688
0.04587847739458084,-1.97,-0.5090854167938232,1640,11805,-3.205719232559204,2.97,1.0,0.0003,10,1172,0.1327592432498932,11704
0.04578299820423126,-1.97,-0.7022947072982788,1644,11815,-2.659402370452881,2.97,1.0,0.0003,10,1173,0.12080682814121246,11714
0.04568632319569588,-1.96,-0.8977923393249512,1648,11826,-2.0617144107818604,2.96,1.0,0.0003,10,1174,0.12696020305156708,11725
0.0455772764980793,-1.94,-0.9427568912506104,1652,11838,-2.826735496520996,2.94,1.0,0.0003,10,1175,0.12188248336315155,11737
0.04547194018959999,-1.94,-0.6443003416061401,1656,11849,-3.23262095451355,2.94,1.0,0.0003,10,1176,0.1346120685338974,11748
0.04536177217960358,-1.9,-0.5160481333732605,1660,11860,-2.6507821083068848,2.9,1.0,0.0003,10,1177,0.13601462543010712,11759
0.045216336846351624,-1.95,-0.8059898614883423,1664,11875,-2.857274293899536,2.95,1.0,0.0003,10,1178,0.1443660855293274,11774
0.045091189444065094,-1.98,-0.9276644587516785,1668,11888,-3.7737109661102295,2.98,1.0,0.0003,10,1179,0.14463317394256592,11787
0.044991932809352875,-1.95,-0.648415744304657,1672,11898,-2.873732566833496,2.95,1.0,0.0003,10,1180,0.11691202223300934,11797
0.04490149766206741,-1.94,-0.5100661516189575,1676,11908,-2.8203396797180176,2.94,1.0,0.0003,10,1180,0.136621356010437,11807
0.04479518160223961,-1.95,-0.6162045001983643,1680,11920,-2.92106294631958,2.95,1.0,0.0003,10,1181,0.14019298553466797,11819
0.044701457023620605,-1.94,-0.6990840435028076,1684,11930,-2.9403018951416016,2.94,1.0,0.0003,10,1182,0.13838684558868408,11829
0.04457473382353783,-1.95,-0.6943743824958801,1688,11944,-2.42741322517395,2.95,1.0,0.0003,10,1183,0.12837164103984833,11843
0.044466178864240646,-1.93,-0.7064741253852844,1692,11956,-3.2502033710479736,2.93,1.0,0.0003,10,1184,0.1395009160041809,11855
0.04435322433710098,-1.97,-0.7518575191497803,1696,11968,-2.6398797035217285,2.97,1.0,0.0003,10,1185,0.13558329641819,11867
0.04425078257918358,-1.96,-1.0489331483840942,1700,11979,-2.4859349727630615,2.96,1.0,0.0003,10,1186,0.1636674404144287,11878
0.04415527731180191,-1.95,-0.5634162425994873,1704,11990,-2.854841709136963,2.95,1.0,0.0003,10,1187,0.12184041738510132,11889
0.04403651878237724,-1.94,-1.1186761856079102,1708,12003,-2.458014488220215,2.94,1.0,0.0003,10,1188,0.12143999338150024,11902
0.04393889382481575,-1.95,-0.47699403762817383,1712,12014,-2.6704812049865723,2.95,1.0,0.0003,10,1189,0.1335417926311493,11913
0.04382353648543358,-1.98,-0.35110485553741455,1716,12027,-1.8582236766815186,2.98,1.0,0.0003,10,1190,0.1432049423456192,11926
0.04373610019683838,-1.97,-0.3833066523075104,1720,12038,-3.0176854133605957,2.97,1.0,0.0003,10,1190,0.13566961884498596,11937
0.04362357407808304,-1.95,-1.0290595293045044,1724,12051,-2.9437992572784424,2.95,1.0,0.0003,10,1191,0.12457753717899323,11950
0.043515417724847794,-1.96,-0.9974291324615479,1728,12064,-2.5129826068878174,2.96,1.0,0.0003,10,1192,0.12651288509368896,11963
0.04343434050679207,-1.95,-0.9740069508552551,1732,12074,-2.802940607070923,2.95,1.0,0.0003,10,1193,0.14575666189193726,11973
0.04330461472272873,-2.0,-0.7413418889045715,1736,12089,-2.2153148651123047,3.0,1.0,0.0003,10,1195,0.13404391705989838,11988
0.0431968979537487,-1.97,-0.5673001408576965,1740,12102,-2.732952356338501,2.97,1.0,0.0003,10,1196,0.12146306782960892,12001
0.043133120983839035,-1.95,-0.7382419109344482,1744,12110,-3.123417377471924,2.95,1.0,0.0003,10,1197,0.11909835040569305,12009
0.043026622384786606,-1.97,-0.7941560745239258,1748,12123,-2.094705581665039,2.97,1.0,0.0003,10,1199,0.1517440378665924,12022
0.04294784739613533,-1.94,-0.8618923425674438,1752,12132,-3.020799160003662,2.94,1.0,0.0003,10,1200,0.12900805473327637,12031
0.04285556450486183,-1.93,-0.9022871851921082,1756,12142,-3.8196702003479004,2.93,1.0,0.0003,10,1201,0.15268100798130035,12041
0.04277580976486206,-1.91,-0.6277834177017212,1760,12151,-2.5784912109375,2.91,1.0,0.0003,10,1203,0.13114584982395172,12050
0.04269254952669144,-1.86,-1.0833452939987183,1764,12161,-3.149883270263672,2.86,1.0,0.0003,10,1204,0.13480783998966217,12060
0.04259808361530304,-1.84,-0.1555834859609604,1768,12172,-2.128994941711426,2.84,1.0,0.0003,10,1205,0.11585154384374619,12071
0.04251888766884804,-1.84,-0.003381893038749695,1772,12182,-3.2892720699310303,2.84,1.0,0.0003,10,1206,0.11881125718355179,12081
0.04240997135639191,-1.87,-0.7354416847229004,1776,12195,-2.361802101135254,2.87,1.0,0.0003,10,1207,0.1273651272058487,12094
0.04231087490916252,-1.87,-0.7090754508972168,1780,12207,-1.9908286333084106,2.87,1.0,0.0003,10,1208,0.11465655267238617,12106
0.04219560697674751,-1.92,-1.1590930223464966,1784,12222,-2.250903844833374,2.92,1.0,0.0003,10,1210,0.14386144280433655,12121
0.042115382850170135,-1.88,-0.8409929275512695,1788,12232,-3.088374137878418,2.88,1.0,0.0003,10,1211,0.10100856423377991,12131
0.04199299216270447,-1.9,-0.8947373628616333,1792,12246,-1.8923428058624268,2.9,1.0,0.0003,10,1212,0.13084900379180908,12145
0.04189695790410042,-1.9,-0.49920642375946045,1796,12258,-2.4226319789886475,2.9,1.0,0.0003,10,1213,0.11492834985256195,12157
0.04177967831492424,-1.94,-0.9676249623298645,1800,12273,-2.4205164909362793,2.94,1.0,0.0003,10,1214,0.11924010515213013,12172
0.041689272969961166,-1.94,-0.7150782942771912,1804,12284,-2.94956636428833,2.94,1.0,0.0003,10,1215,0.11829134076833725,12183
0.041602618992328644,-1.91,-0.9918183088302612,1808,12294,-2.8814339637756348,2.91,1.0,0.0003,10,1216,0.1560680866241455,12193
0.04150218516588211,-1.92,-0.5629638433456421,1812,12306,-2.6546096801757812,2.92,1.0,0.0003,10,1217,0.1410982459783554,12205
0.04141363874077797,-1.9,-0.8892809152603149,1816,12317,-2.4857137203216553,2.9,1.0,0.0003,10,1217,0.12607255578041077,12216
0.0413190983235836,-1.91,-0.7796725034713745,1820,12329,-2.77750563621521,2.91,1.0,0.0003,10,1218,0.11725307255983353,12228
0.04121266305446625,-1.91,-0.7276015281677246,1824,12342,-3.0815138816833496,2.91,1.0,0.0003,10,1220,0.13426406681537628,12241
0.041126884520053864,-1.88,-0.5062824487686157,1828,12352,-3.1898255348205566,2.88,1.0,0.0003,10,1221,0.10984840989112854,12251
0.041006769984960556,-1.92,-0.5552965402603149,1832,12366,-2.803554058074951,2.92,1.0,0.0003,10,1223,0.14674048125743866,12265
0.04093354940414429,-1.86,-0.7637097239494324,1836,12375,-2.1344857215881348,2.86,1.0,0.0003,10,1226,0.10466545820236206,12274
0.04083949699997902,-1.85,-0.5423036813735962,1840,12387,-2.3328421115875244,2.85,1.0,0.0003,10,1228,0.13248597085475922,12286
0.040743838995695114,-1.89,-0.8869818449020386,1844,12399,-3.171187400817871,2.89,1.0,0.0003,10,1229,0.1207614541053772,12298
0.040655165910720825,-1.87,-0.9964258670806885,1848,12410,-2.7098841667175293,2.87,1.0,0.0003,10,1230,0.14666548371315002,12309
0.0405578687787056,-1.91,-0.24194490909576416,1852,12423,-3.117088794708252,2.91,1.0,0.0003,10,1230,0.09632785618305206,12322
0.04046567901968956,-1.93,-0.6473854780197144,1856,12435,-1.9375224113464355,2.93,1.0,0.0003,10,1231,0.1356591284275055,12334
0.040367648005485535,-1.97,-0.6429426074028015,1860,12448,-2.468754768371582,2.97,1.0,0.0003,10,1232,0.1325855553150177,12347
0.04031994193792343,-1.93,-1.1363978385925293,1864,12454,-2.003919839859009,2.93,1.0,0.0003,10,1232,0.12405194342136383,12353
0.04024398326873779,-1.92,-0.3586743474006653,1868,12464,-2.5962464809417725,2.92,1.0,0.0003,10,1233,0.12864089012145996,12363
0.040139660239219666,-1.95,-0.8378478288650513,1872,12477,-2.099428176879883,2.95,1.0,0.0003,10,1234,0.13768726587295532,12376
0.040040694177150726,-1.95,-0.556629478931427,1876,12490,-1.8487136363983154,2.95,1.0,0.0003,10,1235,0.1450045108795166,12389
0.03994676098227501,-1.95,-0.43532055616378784,1880,12502,-2.5264475345611572,2.95,1.0,0.0003,10,1235,0.12524095177650452,12401
0.039867058396339417,-1.9,-0.7876545190811157,1884,12512,-2.2860777378082275,2.9,1.0,0.0003,10,1236,0.13836827874183655,12411
0.03976677358150482,-1.93,-0.9471202492713928,1888,12525,-2.625359296798706,2.93,1.0,0.0003,10,1237,0.12434805929660797,12424
0.03968420252203941,-1.9,-0.6511281132698059,1892,12536,-2.4948554039001465,2.9,1.0,0.0003,10,1237,0.1137101873755455,12435
0.03960122540593147,-1.89,-0.35203152894973755,1896,12547,-2.366166114807129,2.89,1.0,0.0003,10,1238,0.1440352499485016,12446
0.03951886668801308,-1.85,-0.6476457118988037,1900,12558,-1.7869454622268677,2.85,1.0,0.0003,10,1238,0.11838766932487488,12457
0.039465293288230896,-1.81,-0.47519972920417786,1904,12565,-2.074589967727661,2.81,1.0,0.0003,10,1239,0.12345248460769653,12464
0.03937089815735817,-1.83,-1.01363205909729,1908,12577,-2.5002713203430176,2.83,1.0,0.0003,10,1240,0.1368999183177948,12476
0.039269473403692245,-1.84,-0.5917232632637024,1912,12590,-2.2569589614868164,2.84,1.0,0.0003,10,1241,0.12099821865558624,12489
0.039164334535598755,-1.87,-1.4224179983139038,1916,12604,-2.582826614379883,2.87,1.0,0.0003,10,1241,0.11983621120452881,12503
0.0390777587890625,-1.87,-0.681758463382721,1920,12616,-2.6135735511779785,2.87,1.0,0.0003,10,1242,0.1460159718990326,12515
0.039008624851703644,-1.84,-0.5410242676734924,1924,12626,-0.9078974723815918,2.84,1.0,0.0003,10,1243,0.10373055934906006,12525
0.0389394536614418,-1.85,-1.4013564586639404,1928,12637,-1.9023220539093018,2.85,1.0,0.0003,10,1243,0.1191210150718689,12536
0.03885159641504288,-1.84,-0.5875325798988342,1932,12650,-2.988870859146118,2.84,1.0,0.0003,10,1244,0.1312989592552185,12549
0.03874165192246437,-1.9,-0.6942294239997864,1936,12665,-3.2345025539398193,2.9,1.0,0.0003,10,1244,0.13992492854595184,12564
0.038651857525110245,-1.9,-0.5211611986160278,1940,12677,-2.6746671199798584,2.9,1.0,0.0003,10,1245,0.12092457711696625,12576
0.038565944880247116,-1.89,-0.7838410139083862,1944,12688,-2.047304630279541,2.89,1.0,0.0003,10,1246,0.10756999254226685,12587
0.03847118839621544,-1.91,-0.3577159643173218,1948,12701,-2.50099778175354,2.91,1.0,0.0003,10,1246,0.11622700095176697,12600
0.03840400651097298,-1.88,-1.1878365278244019,1952,12711,-2.164517641067505,2.88,1.0,0.0003,10,1247,0.09774154424667358,12610
0.038313914090394974,-1.89,-0.40856584906578064,1956,12724,-1.9283159971237183,2.89,1.0,0.0003,10,1248,0.11896505951881409,12623
0.03825455531477928,-1.85,-0.5439119935035706,1960,12733,-2.2958319187164307,2.85,1.0,0.0003,10,1249,0.11064314842224121,12632
0.038169439882040024,-1.91,-0.614223301410675,1964,12745,-1.0800188779830933,2.91,1.0,0.0003,10,1249,0.13149259984493256,12644
0.038114283233881,-1.89,-0.5424920916557312,1968,12753,-1.7558958530426025,2.89,1.0,0.0003,10,1250,0.12638306617736816,12652
0.038023803383111954,-1.89,-0.8488605618476868,1972,12766,-2.481126308441162,2.89,1.0,0.0003,10,1251,0.11394969373941422,12665
0.03795516490936279,-1.86,-0.5536478161811829,1976,12776,-1.7653099298477173,2.86,1.0,0.0003,10,1252,0.11052054166793823,12675
0.03787330538034439,-1.86,-0.49039164185523987,1980,12788,-1.3754132986068726,2.86,1.0,0.0003,10,1252,0.1213676780462265,12687
0.03778461739420891,-1.88,-0.5172711610794067,1984,12800,-2.3849661350250244,2.88,1.0,0.0003,10,1253,0.13556960225105286,12699
0.03771188110113144,-1.85,-0.4706249237060547,1988,12810,-1.3371492624282837,2.85,1.0,0.0003,10,1253,0.10013492405414581,12709
0.03762078657746315,-1.88,-0.39687684178352356,1992,12824,-2.0990030765533447,2.88,1.0,0.0003,10,1254,0.13307034969329834,12723
0.03754708543419838,-1.89,-0.5515648722648621,1996,12836,-2.6018543243408203,2.89,1.0,0.0003,10,1254,0.11550825089216232,12735
0.037456195801496506,-1.92,-0.6206581592559814,2000,12850,-2.303739070892334,2.92,1.0,0.0003,10,1255,0.10433416813611984,12749
0.03739801049232483,-1.94,-0.5624080896377563,2004,12859,-2.0856375694274902,2.94,1.0,0.0003,10,1255,0.12262608855962753,12758
0.03729095309972763,-1.98,-1.0133135318756104,2008,12875,-2.034003734588623,2.98,1.0,0.0003,10,1256,0.13977405428886414,12774
0.037208475172519684,-1.97,-0.8227346539497375,2012,12887,-2.7452049255371094,2.97,1.0,0.0003,10,1257,0.12878596782684326,12786
0.03712120279669762,-1.96,-0.6738107800483704,2016,12900,-2.363349437713623,2.96,1.0,0.0003,10,1257,0.10942310094833374,12799
0.037047129124403,-1.96,-0.2875254154205322,2020,12912,-1.442275047302246,2.96,1.0,0.0003,10,1258,0.15301889181137085,12811
0.036986347287893295,-1.96,-1.0748710632324219,2024,12922,-2.336106300354004,2.96,1.0,0.0003,10,1258,0.1307392120361328,12821
0.036931928247213364,-1.93,-0.7110239267349243,2028,12930,-2.408196449279785,2.93,1.0,0.0003,10,1259,0.15922309458255768,12829
0.036866120994091034,-1.9,-0.6193984746932983,2032,12940,-1.3768470287322998,2.9,1.0,0.0003,10,1259,0.10012967884540558,12839
0.03680969402194023,-1.84,-0.7379337549209595,2036,12949,-2.272928476333618,2.84,1.0,0.0003,10,1260,0.11783693730831146,12848
0.0367150604724884,-1.85,-0.8715046644210815,2040,12962,-2.1279211044311523,2.85,1.0,0.0003,10,1260,0.11762826144695282,12861
0.03662202134728432,-1.87,-0.738508939743042,2044,12975,-2.3505642414093018,2.87,1.0,0.0003,10,1261,0.1293574869632721,12874
0.0365426167845726,-1.86,-0.7508825063705444,2048,12987,-1.995538353919983,2.86,1.0,0.0003,10,1261,0.134422168135643,12886
0.036475662142038345,-1.87,-1.1102962493896484,2052,12998,-2.1111021041870117,2.87,1.0,0.0003,10,1262,0.12298417091369629,12897
0.036405548453330994,-1.85,-0.6519742012023926,2056,13009,-2.82159161567688,2.85,1.0,0.0003,10,1262,0.11172228306531906,12908
