rollout/success_rate,train/critic_loss,time/episodes,train/actor_loss,time/fps,rollout/ep_rew_mean,train/n_updates,time/time_elapsed,train/learning_rate,rollout/ep_len_mean,time/total_timesteps
0.25,0.004398989025503397,4,0.13046811521053314,10,-10.66569,78,17,0.001,44.75,179
0.25,0.001669501420110464,8,0.22161011397838593,7,-12.73283275,229,43,0.001,41.25,330
0.25,0.003975255880504847,12,0.24562501907348633,6,-11.819936833333331,384,70,0.001,40.416666666666664,485
0.1875,0.0010666385060176253,16,0.3339327573776245,6,-14.272794750000001,584,103,0.001,42.8125,685
0.3,0.0020407529082149267,20,0.3047053813934326,6,-12.11550565,660,117,0.001,38.05,761
0.25,0.0008746343664824963,24,0.347624808549881,5,-11.891412666666668,860,164,0.001,40.041666666666664,961
0.25,0.0007761993329040706,28,0.3290245234966278,5,-11.403754642857143,1015,198,0.001,39.857142857142854,1116
0.25,0.0009964886121451855,32,0.38160499930381775,5,-11.284934875000001,1171,217,0.001,39.75,1272
0.2777777777777778,0.0009300307719968259,36,0.38647040724754333,5,-10.522832194444446,1278,231,0.001,38.30555555555556,1379
0.3,0.000842832843773067,40,0.3928645849227905,5,-9.870264449999999,1386,248,0.001,37.175,1487
0.3409090909090909,0.0009259528014808893,44,0.3933694064617157,6,-9.266334477272727,1454,258,0.001,35.34090909090909,1555
0.3541666666666667,0.0006732844049111009,48,0.44404637813568115,6,-8.70519375,1563,274,0.001,34.666666666666664,1664
0.38461538461538464,0.001784391002729535,52,0.3886665105819702,6,-8.19859475,1641,286,0.001,33.5,1742
0.42857142857142855,0.0009493881952948868,56,0.40802550315856934,6,-7.647244589285714,1664,289,0.001,31.517857142857142,1765
0.45,0.0013230657204985619,60,0.3854266107082367,6,-7.221941183333333,1733,299,0.001,30.566666666666666,1834
0.484375,0.0010435995645821095,64,0.37210431694984436,6,-6.799577312499999,1754,302,0.001,28.984375,1855
0.5147058823529411,0.0016710390336811543,68,0.3810226321220398,6,-6.46730538235294,1808,310,0.001,28.073529411764707,1909
0.5416666666666666,0.0016046876553446054,72,0.37628787755966187,6,-6.164397166666667,1862,318,0.001,27.26388888888889,1963
0.5526315789473685,0.0020984597504138947,76,0.39066922664642334,6,-5.90931777631579,1925,327,0.001,26.657894736842106,2026
0.5625,0.0022993856109678745,80,0.3973158001899719,6,-5.687544725,1987,336,0.001,26.1,2088
0.5833333333333334,0.0014144020387902856,84,0.37050068378448486,6,-5.443656154761905,2009,339,0.001,25.11904761904762,2110
0.6022727272727273,0.0016026095254346728,88,0.38917669653892517,6,-5.213960409090909,2027,342,0.001,24.181818181818183,2128
0.6086956521739131,0.001843789010308683,92,0.38677656650543213,6,-5.106904217391304,2116,353,0.001,24.097826086956523,2217
0.6145833333333334,0.0018996762810274959,96,0.37365248799324036,6,-4.9980953125,2190,364,0.001,23.864583333333332,2291
0.62,0.0016523561207577586,100,0.3675670325756073,6,-4.84533003,2253,377,0.001,23.54,2354
0.65,0.0017929006135091186,104,0.4108985662460327,6,-4.4411032,2275,381,0.001,21.97,2376
0.68,0.0028815174009650946,108,0.33741647005081177,6,-3.8875664499999996,2322,388,0.001,20.93,2423
0.69,0.0012703828979283571,112,0.3871861696243286,6,-3.6246101600000005,2426,411,0.001,20.42,2527
0.73,0.002163337077945471,116,0.3679230213165283,6,-2.7810030200000004,2448,417,0.001,18.64,2549
0.74,0.002219550544396043,120,0.3992612659931183,6,-2.655272820000001,2462,420,0.001,18.02,2563
0.78,0.002129898639395833,124,0.3308049440383911,6,-2.2526152100000005,2484,425,0.001,16.24,2585
0.81,0.002622980624437332,128,0.40516048669815063,5,-1.9601272,2546,441,0.001,15.31,2647
0.84,0.0019473957363516092,132,0.34677448868751526,5,-1.5582934699999997,2563,444,0.001,13.92,2664
0.86,0.0026322398334741592,136,0.4290672838687897,5,-1.4075469899999993,2585,450,0.001,13.07,2686
0.88,0.0025472422130405903,140,0.3056481182575226,5,-1.26585506,2602,453,0.001,12.16,2703
0.88,0.0021157306618988514,144,0.3295929729938507,5,-1.20055315,2668,465,0.001,12.14,2769
0.89,0.0023589194752275944,148,0.3959205746650696,5,-1.1645057,2730,473,0.001,11.67,2831
0.9,0.0019393082475289702,152,0.360895574092865,5,-1.0967544699999998,2748,476,0.001,11.07,2849
0.9,0.002596949925646186,156,0.33609288930892944,5,-1.09816423,2771,481,0.001,11.07,2872
0.91,0.0016686820890754461,160,0.3455745577812195,5,-1.0696844799999998,2796,485,0.001,10.63,2897
0.91,0.001967356540262699,164,0.37608134746551514,5,-1.0972701999999999,2857,496,0.001,11.03,2958
0.91,0.002237875247374177,168,0.296684205532074,5,-1.06685466,2876,499,0.001,10.68,2977
0.91,0.0028783301822841167,172,0.37136954069137573,5,-1.04204251,2892,501,0.001,10.3,2993
0.92,0.002033166354522109,176,0.39973440766334534,5,-1.0091388899999998,2910,504,0.001,9.85,3011
0.93,0.002102765953168273,180,0.3605625331401825,5,-0.9687879699999999,2931,506,0.001,9.44,3032
0.93,0.0016982154920697212,184,0.3419831097126007,5,-0.97247692,2953,511,0.001,9.44,3054
0.92,0.002829328179359436,188,0.35254764556884766,5,-1.03800839,3013,525,0.001,9.86,3114
0.93,0.0023625586181879044,192,0.3384169936180115,5,-0.9372935,3026,527,0.001,9.1,3127
0.94,0.0027043211739510298,196,0.3633738160133362,5,-0.8523737700000001,3043,531,0.001,8.53,3144
0.95,0.0025938949547708035,200,0.329491525888443,5,-0.82574813,3064,534,0.001,8.11,3165
0.95,0.0027373263146728277,204,0.3177712857723236,5,-0.82265627,3083,539,0.001,8.08,3184
0.95,0.0026214136742055416,208,0.3660992383956909,5,-0.7973100700000001,3098,543,0.001,7.76,3199
0.97,0.0026292558759450912,212,0.35352078080177307,5,-0.67633713,3115,547,0.001,6.89,3216
0.97,0.0024602897465229034,216,0.366971492767334,5,-0.6724362899999999,3132,551,0.001,6.84,3233
0.96,0.002460656687617302,220,0.29840147495269775,5,-0.71103657,3194,563,0.001,7.32,3295
0.96,0.002313584089279175,224,0.3436937630176544,5,-0.6988062500000001,3212,565,0.001,7.28,3313
0.96,0.002304984722286463,228,0.3272535800933838,5,-0.6746985999999999,3235,567,0.001,6.89,3336
0.96,0.0019276433158665895,232,0.32419508695602417,5,-0.6723062299999999,3251,569,0.001,6.88,3352
0.96,0.0026233289390802383,236,0.3271956145763397,5,-0.6673553899999999,3269,573,0.001,6.84,3370
0.96,0.001805658801458776,240,0.32629451155662537,5,-0.6635333099999999,3286,576,0.001,6.84,3387
0.97,0.0021891570650041103,244,0.3453750014305115,5,-0.6165717700000001,3303,578,0.001,6.35,3404
0.98,0.0021885503083467484,248,0.3231533169746399,5,-0.5696608000000001,3321,580,0.001,5.91,3422
0.98,0.0029313000850379467,252,0.3057440221309662,5,-0.5738642800000001,3338,583,0.001,5.9,3439
0.98,0.0029311715625226498,256,0.32028892636299133,5,-0.5731911799999999,3356,585,0.001,5.85,3457
0.98,0.001880542142316699,260,0.3294755816459656,5,-0.57406159,3378,588,0.001,5.82,3479
0.98,0.0021077636629343033,264,0.29170340299606323,5,-0.55101007,3401,591,0.001,5.44,3502
0.98,0.002408570609986782,268,0.352941632270813,5,-0.55095094,3416,593,0.001,5.4,3517
0.97,0.002181447809562087,272,0.2828003466129303,5,-0.5824308599999999,3479,603,0.001,5.87,3580
0.97,0.0025965115055441856,276,0.345916211605072,5,-0.57815726,3494,606,0.001,5.84,3595
0.97,0.002104503568261862,280,0.31862354278564453,5,-0.58036075,3513,609,0.001,5.82,3614
0.97,0.001832157140597701,284,0.2542734444141388,5,-0.5781246,3536,613,0.001,5.83,3637
0.98,0.0021545104682445526,288,0.33162787556648254,5,-0.5140431200000001,3556,615,0.001,5.43,3657
0.98,0.0019518082262948155,292,0.3851967751979828,5,-0.52475222,3575,618,0.001,5.49,3676
0.98,0.0018341746181249619,296,0.2658296227455139,5,-0.54210625,3597,624,0.001,5.54,3698
0.98,0.002194441854953766,300,0.3006235957145691,5,-0.54126591,3615,629,0.001,5.51,3716
0.98,0.0022489833645522594,304,0.3455082178115845,5,-0.53800291,3632,632,0.001,5.49,3733
0.98,0.0027715403120964766,308,0.2934357523918152,5,-0.5406050199999999,3648,636,0.001,5.5,3749
0.98,0.002624454675242305,312,0.3942493200302124,5,-0.5493663999999999,3670,642,0.001,5.55,3771
0.98,0.002105466788634658,316,0.3041223883628845,5,-0.55029535,3689,646,0.001,5.57,3790
0.99,0.002052891533821821,320,0.3126603662967682,5,-0.51388435,3704,649,0.001,5.1,3805
0.99,0.0025017447769641876,324,0.2732151746749878,5,-0.5296071299999999,3739,656,0.001,5.27,3840
0.99,0.0018761225510388613,328,0.30623310804367065,5,-0.52866886,3759,659,0.001,5.24,3860
0.99,0.0022315806709229946,332,0.2505760192871094,5,-0.5361032900000001,3779,661,0.001,5.28,3880
0.99,0.0023192076478153467,336,0.2865859568119049,5,-0.53651096,3800,666,0.001,5.31,3901
0.99,0.002745754085481167,340,0.3417578637599945,5,-0.54161722,3820,670,0.001,5.34,3921
0.99,0.0018402317073196173,344,0.3047448992729187,5,-0.5492158,3841,674,0.001,5.38,3942
0.99,0.0018843943253159523,348,0.31333550810813904,5,-0.54629074,3858,677,0.001,5.37,3959
0.99,0.0024726432748138905,352,0.30254027247428894,5,-0.54466389,3876,681,0.001,5.38,3977
0.99,0.0020546051673591137,356,0.30748942494392395,5,-0.5410553999999999,3893,686,0.001,5.37,3994
0.99,0.0019764574244618416,360,0.2819676399230957,5,-0.5504145699999999,3932,696,0.001,5.54,4033
0.99,0.00210399366915226,364,0.27923449873924255,5,-0.55169237,3953,703,0.001,5.52,4054
0.99,0.0016414523124694824,368,0.25807422399520874,5,-0.5560270700000001,3974,708,0.001,5.58,4075
1.0,0.0023484788835048676,372,0.2724369764328003,5,-0.5243353900000001,3992,713,0.001,5.13,4093
1.0,0.002344914246350527,376,0.30035027861595154,5,-0.5308459,4011,717,0.001,5.17,4112
1.0,0.0019952869042754173,380,0.2872459590435028,5,-0.5266948600000001,4026,721,0.001,5.13,4127
1.0,0.001872902037575841,384,0.2967493534088135,5,-0.52150471,4044,726,0.001,5.08,4145
1.0,0.00226585753262043,388,0.28505146503448486,5,-0.5183056,4059,728,0.001,5.03,4160
1.0,0.0022454853169620037,392,0.23560482263565063,5,-0.51726978,4077,734,0.001,5.02,4178
1.0,0.0023980485275387764,396,0.3065634071826935,5,-0.50692871,4096,739,0.001,4.99,4197
1.0,0.002553184749558568,400,0.32789963483810425,5,-0.5169036000000001,4118,744,0.001,5.03,4219
1.0,0.002883526496589184,404,0.24618734419345856,5,-0.51613133,4134,749,0.001,5.02,4235
1.0,0.0021031151991337538,408,0.2667129337787628,5,-0.51570346,4150,755,0.001,5.02,4251
1.0,0.0022491232957690954,412,0.2988772988319397,5,-0.5124652799999999,4170,763,0.001,5.0,4271
1.0,0.0025660498067736626,416,0.3127709627151489,5,-0.51275444,4190,767,0.001,5.01,4291
1.0,0.0019700343254953623,420,0.2804390490055084,5,-0.5101747300000001,4205,772,0.001,5.01,4306
1.0,0.002191578270867467,424,0.28585466742515564,5,-0.50040762,4225,775,0.001,4.86,4326
1.0,0.0018744212575256824,428,0.26480740308761597,5,-0.5030029800000001,4246,780,0.001,4.87,4347
1.0,0.0019781142473220825,432,0.2870990037918091,5,-0.5036129800000001,4266,783,0.001,4.87,4367
1.0,0.001957154367119074,436,0.2259969413280487,5,-0.5012741600000001,4284,787,0.001,4.84,4385
1.0,0.0017541206907480955,440,0.2985936999320984,5,-0.50939846,4306,791,0.001,4.86,4407
1.0,0.0018203917425125837,444,0.293964684009552,5,-0.50143178,4323,795,0.001,4.82,4424
1.0,0.002115655690431595,448,0.2852686643600464,5,-0.49834723,4336,798,0.001,4.78,4437
1.0,0.0021472193766385317,452,0.3366479277610779,5,-0.48933431000000005,4348,803,0.001,4.72,4449
1.0,0.0023020203225314617,456,0.3022633194923401,5,-0.4959128,4370,809,0.001,4.77,4471
1.0,0.002029251307249069,460,0.2802713215351105,5,-0.48028844000000004,4387,815,0.001,4.55,4488
1.0,0.0019163629040122032,464,0.2796974182128906,5,-0.47801990000000005,4408,822,0.001,4.55,4509
1.0,0.0023241708986461163,468,0.338302880525589,5,-0.4830417799999999,4429,826,0.001,4.55,4530
1.0,0.0021769478917121887,472,0.22261108458042145,5,-0.49630521999999994,4452,832,0.001,4.6,4553
1.0,0.001969641773030162,476,0.24396952986717224,5,-0.49561524,4472,839,0.001,4.61,4573
1.0,0.0021429695188999176,480,0.2942769527435303,5,-0.49776821000000004,4489,844,0.001,4.63,4590
1.0,0.0018022930016741157,484,0.3057934045791626,5,-0.49738534,4508,847,0.001,4.64,4609
1.0,0.0019056526944041252,488,0.3314116597175598,5,-0.51263861,4535,853,0.001,4.76,4636
1.0,0.0019513056613504887,492,0.25054436922073364,5,-0.51478332,4558,858,0.001,4.81,4659
1.0,0.002024279907345772,496,0.2475779801607132,5,-0.50497578,4572,861,0.001,4.76,4673
1.0,0.0020023188553750515,500,0.28304323554039,5,-0.49340608,4590,865,0.001,4.72,4691
1.0,0.0022679069079458714,504,0.23343227803707123,5,-0.49889702999999996,4611,870,0.001,4.77,4712
1.0,0.0020995216909796,508,0.27800825238227844,5,-0.49969096,4626,873,0.001,4.76,4727
1.0,0.0018473936943337321,512,0.2622106671333313,5,-0.48779070999999985,4638,877,0.001,4.68,4739
1.0,0.0017609202768653631,516,0.3323424160480499,5,-0.4935903499999999,4659,882,0.001,4.69,4760
1.0,0.0018148941453546286,520,0.20233047008514404,5,-0.50085316,4678,886,0.001,4.73,4779
1.0,0.0019982745870947838,524,0.23679473996162415,5,-0.49107912,4692,889,0.001,4.67,4793
1.0,0.0018364200368523598,528,0.2487124502658844,5,-0.48905895,4712,893,0.001,4.66,4813
1.0,0.0023292815312743187,532,0.3251485824584961,5,-0.48789404000000003,4730,899,0.001,4.64,4831
1.0,0.0017234792467206717,536,0.28241631388664246,5,-0.48154977000000004,4745,903,0.001,4.61,4846
1.0,0.0017324239015579224,540,0.2583221197128296,5,-0.46220857000000004,4756,905,0.001,4.5,4857
1.0,0.0019522560760378838,544,0.2636958658695221,5,-0.46268143,4774,910,0.001,4.51,4875
1.0,0.0022512907162308693,548,0.2253779172897339,5,-0.47271814,4792,913,0.001,4.56,4893
1.0,0.0019971567671746016,552,0.3251228332519531,5,-0.48636927,4815,916,0.001,4.67,4916
1.0,0.0018029953353106976,556,0.3233394920825958,5,-0.47893196000000005,4831,918,0.001,4.61,4932
1.0,0.0014087706804275513,560,0.2429022639989853,5,-0.48523967999999995,4851,922,0.001,4.64,4952
1.0,0.0016676841769367456,564,0.24985118210315704,5,-0.47697379999999995,4865,924,0.001,4.57,4966
1.0,0.0018187649548053741,568,0.28054824471473694,5,-0.47403232999999995,4887,929,0.001,4.58,4988
1.0,0.0017632083036005497,572,0.24633921682834625,5,-0.46284423000000013,4903,932,0.001,4.51,5004
1.0,0.0014880772214382887,576,0.24446892738342285,5,-0.4634221199999999,4922,937,0.001,4.5,5023
1.0,0.0019989500287920237,580,0.25525951385498047,5,-0.46872794999999995,4948,943,0.001,4.59,5049
1.0,0.0021671124268323183,584,0.23349043726921082,5,-0.46619389999999994,4965,947,0.001,4.57,5066
1.0,0.002464389894157648,588,0.22552910447120667,5,-0.45948822,4985,951,0.001,4.5,5086
1.0,0.0016745143802836537,592,0.29056471586227417,5,-0.45410706000000006,5000,953,0.001,4.42,5101
1.0,0.001750180497765541,596,0.27782344818115234,5,-0.46084208000000004,5018,955,0.001,4.46,5119
1.0,0.0015514441765844822,600,0.25724703073501587,5,-0.46057347,5035,960,0.001,4.45,5136
1.0,0.0016800077864900231,604,0.2332635074853897,5,-0.4489938300000001,5047,961,0.001,4.36,5148
1.0,0.0015481379814445972,608,0.2864740192890167,5,-0.45199053,5064,963,0.001,4.38,5165
1.0,0.0015742635587230325,612,0.24973362684249878,5,-0.46044306999999995,5081,966,0.001,4.43,5182
1.0,0.001853418885730207,616,0.2099728286266327,5,-0.4564135299999999,5101,968,0.001,4.42,5202
0.98,0.0014604052994400263,620,0.23043547570705414,5,-0.52950905,5209,988,0.001,5.31,5310
0.98,0.0014054233906790614,624,0.2251962423324585,5,-0.53717306,5227,991,0.001,5.35,5328
0.98,0.0020264647901058197,628,0.26888495683670044,5,-0.52883586,5242,994,0.001,5.3,5343
0.98,0.001779809594154358,632,0.30003657937049866,5,-0.5224365200000001,5257,997,0.001,5.27,5358
0.98,0.001611341256648302,636,0.2429114729166031,5,-0.52907223,5274,1000,0.001,5.29,5375
0.98,0.0016896931920200586,640,0.24673153460025787,5,-0.5427508600000001,5294,1005,0.001,5.38,5395
0.98,0.0017900457605719566,644,0.23370561003684998,5,-0.5332243499999999,5304,1007,0.001,5.3,5405
0.98,0.001911324798129499,648,0.23447194695472717,5,-0.5325972299999999,5329,1011,0.001,5.37,5430
0.98,0.0015187471872195601,652,0.22899317741394043,5,-0.52113102,5342,1013,0.001,5.27,5443
0.98,0.0020728567615151405,656,0.21667970716953278,5,-0.52056541,5358,1017,0.001,5.27,5459
0.98,0.0020286645740270615,660,0.24929729104042053,5,-0.51223305,5373,1020,0.001,5.22,5474
0.98,0.001694209291599691,664,0.320023775100708,5,-0.5150574400000001,5393,1023,0.001,5.28,5494
0.98,0.0015099698211997747,668,0.2358139157295227,5,-0.50643265,5408,1025,0.001,5.21,5509
0.98,0.0017657388234511018,672,0.21183665096759796,5,-0.50454593,5423,1029,0.001,5.2,5524
0.98,0.002255086787045002,676,0.20889420807361603,5,-0.49525907,5438,1032,0.001,5.16,5539
0.98,0.0019722706638276577,680,0.19973333179950714,5,-0.48515239,5451,1035,0.001,5.03,5552
0.98,0.001317514106631279,684,0.258002370595932,5,-0.5213601100000002,5501,1048,0.001,5.36,5602
0.98,0.0016587494174018502,688,0.2865283489227295,5,-0.50945039,5514,1056,0.001,5.29,5615
0.98,0.001910227001644671,692,0.3011701703071594,5,-0.5147353,5533,1060,0.001,5.33,5634
0.98,0.0024054632522165775,696,0.35774505138397217,5,-0.5178252300000001,5554,1068,0.001,5.36,5655
0.98,0.0019860356114804745,700,0.26813313364982605,5,-0.51320168,5568,1073,0.001,5.33,5669
0.97,0.0017362067010253668,704,0.2848345935344696,5,-0.5588951899999999,5634,1094,0.001,5.87,5735
0.97,0.0028333598747849464,708,0.29888588190078735,5,-0.55316027,5648,1097,0.001,5.84,5749
0.97,0.0021785402204841375,712,0.2416638880968094,5,-0.5479036500000001,5662,1100,0.001,5.81,5763
0.97,0.0016019612085074186,716,0.22151294350624084,5,-0.5469239,5681,1102,0.001,5.8,5782
0.99,0.001761151710525155,720,0.2420194149017334,5,-0.46887632999999995,5695,1105,0.001,4.86,5796
0.99,0.0015413770452141762,724,0.2517731189727783,5,-0.46002967000000006,5709,1107,0.001,4.82,5810
0.99,0.0014515765942633152,728,0.2473478466272354,5,-0.46097734,5724,1111,0.001,4.82,5825
0.99,0.0016339387511834502,732,0.3075469434261322,5,-0.46336645000000004,5741,1117,0.001,4.84,5842
0.99,0.0023609958589076996,736,0.2552948594093323,5,-0.4662323599999999,5764,1124,0.001,4.9,5865
0.99,0.001954518025740981,740,0.24941666424274445,5,-0.45974281000000006,5779,1128,0.001,4.85,5880
0.99,0.0017043589614331722,744,0.25769710540771484,5,-0.46726797999999997,5795,1133,0.001,4.91,5896
0.99,0.0013818147126585245,748,0.25218647718429565,5,-0.46751295,5814,1139,0.001,4.85,5915
0.99,0.0013415099820122123,752,0.30325549840927124,5,-0.46967529999999996,5829,1142,0.001,4.87,5930
0.99,0.0014302320778369904,756,0.22106078267097473,5,-0.47068849999999995,5845,1145,0.001,4.87,5946
0.98,0.002073919866234064,760,0.25398093461990356,5,-0.51222236,5909,1157,0.001,5.36,6010
0.98,0.0018648256082087755,764,0.2370838075876236,5,-0.52408103,5932,1161,0.001,5.39,6033
0.98,0.002038991777226329,768,0.2325892597436905,5,-0.53194041,5950,1164,0.001,5.42,6051
0.98,0.0021660015918314457,772,0.2511095106601715,5,-0.5262314100000001,5962,1165,0.001,5.39,6063
0.98,0.0014535763766616583,776,0.23067979514598846,5,-0.53790189,5981,1167,0.001,5.43,6082
0.98,0.0019154166802763939,780,0.29195499420166016,5,-0.54785618,6002,1177,0.001,5.51,6103
0.98,0.001565874321386218,784,0.21962915360927582,5,-0.5103583700000001,6017,1181,0.001,5.16,6118
0.98,0.0013689665356650949,788,0.19406957924365997,5,-0.52149428,6037,1188,0.001,5.23,6138
0.98,0.001400862354785204,792,0.18453551828861237,5,-0.51077285,6049,1190,0.001,5.16,6150
0.98,0.002133477944880724,796,0.22008821368217468,5,-0.50252787,6064,1197,0.001,5.1,6165
0.98,0.001947751035913825,800,0.2340911626815796,5,-0.5135013,6084,1203,0.001,5.16,6185
0.99,0.0011517155217006803,804,0.23561185598373413,5,-0.47485757,6100,1206,0.001,4.66,6201
0.99,0.0019236698281019926,808,0.26159366965293884,5,-0.47517197000000005,6114,1211,0.001,4.66,6215
0.99,0.0015392671339213848,812,0.21531662344932556,5,-0.47450786,6128,1213,0.001,4.66,6229
0.99,0.0016466237138956785,816,0.257874995470047,5,-0.47025883999999996,6143,1216,0.001,4.62,6244
0.99,0.0024706870317459106,820,0.26711001992225647,5,-0.48100172,6168,1222,0.001,4.73,6269
0.99,0.0015317017678171396,824,0.22734332084655762,5,-0.48976153999999994,6185,1226,0.001,4.76,6286
0.99,0.0014444156549870968,828,0.2296750545501709,5,-0.4940902300000001,6203,1229,0.001,4.79,6304
0.99,0.0014161760918796062,832,0.21927398443222046,5,-0.49752345,6225,1234,0.001,4.84,6326
0.99,0.0019590132869780064,836,0.2380327582359314,5,-0.49177459999999995,6244,1237,0.001,4.8,6345
0.99,0.0016539387870579958,840,0.19318372011184692,5,-0.49393352999999995,6261,1241,0.001,4.82,6362
0.99,0.00191604217980057,844,0.24054664373397827,5,-0.49466691999999995,6277,1245,0.001,4.82,6378
0.99,0.001350797014310956,848,0.2460891455411911,5,-0.49243536000000004,6296,1249,0.001,4.82,6397
0.99,0.0016364778857678175,852,0.24317851662635803,5,-0.48985302,6309,1253,0.001,4.8,6410
0.99,0.0019307942129671574,856,0.24841177463531494,5,-0.49823799999999996,6327,1261,0.001,4.82,6428
1.0,0.0029381969943642616,860,0.17339134216308594,5,-0.45547603000000003,6341,1265,0.001,4.32,6442
1.0,0.0015818532556295395,864,0.22710686922073364,5,-0.44241818,6356,1270,0.001,4.24,6457
1.0,0.001191338524222374,868,0.17997963726520538,5,-0.45802132,6401,1282,0.001,4.51,6502
1.0,0.0015651800204068422,872,0.25095900893211365,5,-0.46572747,6420,1286,0.001,4.58,6521
1.0,0.00128148403018713,876,0.22949936985969543,5,-0.46201454,6440,1290,0.001,4.59,6541
1.0,0.0014600430149585009,880,0.2355269193649292,5,-0.45839891,6459,1295,0.001,4.57,6560
1.0,0.0012680385261774063,884,0.25092729926109314,5,-0.46081502,6479,1300,0.001,4.62,6580
1.0,0.0013273917138576508,888,0.21057935059070587,5,-0.45154263,6492,1303,0.001,4.55,6593
1.0,0.0014252571854740381,892,0.24152685701847076,5,-0.45492998000000007,6506,1307,0.001,4.57,6607
1.0,0.0014778438489884138,896,0.25556692481040955,5,-0.46300379999999997,6526,1310,0.001,4.62,6627
1.0,0.0012902191374450922,900,0.1968827098608017,5,-0.45808037000000007,6545,1315,0.001,4.61,6646
1.0,0.002463805489242077,904,0.27428901195526123,5,-0.46198904999999996,6564,1319,0.001,4.64,6665
1.0,0.001554961083456874,908,0.19560754299163818,5,-0.4667303000000001,6581,1322,0.001,4.67,6682
1.0,0.0013650935143232346,912,0.2153450846672058,5,-0.4690570899999999,6595,1329,0.001,4.67,6696
1.0,0.001265265396796167,916,0.19285011291503906,5,-0.47048809999999996,6612,1334,0.001,4.69,6713
1.0,0.0014238900039345026,920,0.2187224179506302,5,-0.46805135999999997,6633,1342,0.001,4.65,6734
1.0,0.001958393258973956,924,0.2198142260313034,5,-0.4690829200000001,6649,1346,0.001,4.64,6750
1.0,0.002804265357553959,928,0.27740180492401123,5,-0.4609168999999999,6660,1350,0.001,4.57,6761
1.0,0.0010154740884900093,932,0.21735605597496033,5,-0.45770598,6678,1354,0.001,4.53,6779
1.0,0.0029755227733403444,936,0.2360921949148178,4,-0.45457053000000003,6692,1359,0.001,4.48,6793
1.0,0.0016136260237544775,940,0.22819489240646362,4,-0.45145022000000007,6709,1362,0.001,4.48,6810
1.0,0.0019061602652072906,944,0.22367946803569794,4,-0.45650033000000007,6728,1367,0.001,4.51,6829
1.0,0.0021761415991932154,948,0.24650461971759796,4,-0.4570147599999999,6746,1370,0.001,4.5,6847
1.0,0.0021533751860260963,952,0.2998002767562866,4,-0.46154538999999983,6762,1374,0.001,4.53,6863
1.0,0.0036363722756505013,956,0.25940999388694763,4,-0.4549468399999999,6780,1379,0.001,4.53,6881
1.0,0.0023488905280828476,960,0.22257374227046967,4,-0.45972723000000004,6797,1384,0.001,4.56,6898
1.0,0.0015596712473779917,964,0.26138240098953247,4,-0.46362572999999996,6815,1388,0.001,4.59,6916
1.0,0.0012237648479640484,968,0.18473365902900696,4,-0.45329898999999996,6839,1394,0.001,4.38,6940
1.0,0.0013263695873320103,972,0.24789564311504364,4,-0.4588269,6860,1402,0.001,4.4,6961
1.0,0.0016909081023186445,976,0.2114052027463913,4,-0.4502832,6874,1407,0.001,4.34,6975
1.0,0.0024337717331945896,980,0.3143293559551239,4,-0.45590400000000003,6896,1412,0.001,4.37,6997
1.0,0.0019445203943178058,984,0.21420538425445557,4,-0.45816578,6914,1415,0.001,4.35,7015
1.0,0.0017059475649148226,988,0.21086058020591736,4,-0.4698382800000001,6934,1419,0.001,4.42,7035
1.0,0.001434036181308329,992,0.19731609523296356,4,-0.4730092700000001,6954,1422,0.001,4.48,7055
1.0,0.0017718201270326972,996,0.23908928036689758,4,-0.46446799,6968,1424,0.001,4.42,7069
1.0,0.0011971320491284132,1000,0.27165794372558594,4,-0.46694110999999994,6989,1427,0.001,4.44,7090
1.0,0.0013999594375491142,1004,0.2143300622701645,4,-0.46107918999999997,7003,1429,0.001,4.39,7104
1.0,0.0018831770867109299,1008,0.23208315670490265,4,-0.46322586,7023,1434,0.001,4.42,7124
1.0,0.0011654435656964779,1012,0.19683639705181122,4,-0.4674500900000001,7042,1436,0.001,4.47,7143
1.0,0.0017147024627774954,1016,0.23937377333641052,4,-0.46562903999999994,7058,1439,0.001,4.46,7159
1.0,0.0010718832490965724,1020,0.213568314909935,4,-0.45305778000000013,7071,1442,0.001,4.38,7172
1.0,0.0015755422646179795,1024,0.21952591836452484,4,-0.4480842200000001,7086,1445,0.001,4.37,7187
1.0,0.00142899458296597,1028,0.19416576623916626,4,-0.4597752000000001,7106,1449,0.001,4.46,7207
1.0,0.00204665120691061,1032,0.20772597193717957,4,-0.4782714000000001,7153,1456,0.001,4.75,7254
1.0,0.002140649128705263,1036,0.244003027677536,4,-0.47667806,7166,1458,0.001,4.74,7267
1.0,0.0017020144732668996,1040,0.22365251183509827,4,-0.48522495000000004,7187,1460,0.001,4.78,7288
1.0,0.0017110705375671387,1044,0.28811100125312805,4,-0.4806952900000001,7202,1463,0.001,4.74,7303
1.0,0.0013781284214928746,1048,0.21050864458084106,4,-0.47695795,7218,1466,0.001,4.72,7319
1.0,0.0016454573487862945,1052,0.2331664264202118,4,-0.4722851,7231,1468,0.001,4.69,7332
1.0,0.0016556113259866834,1056,0.19587846100330353,4,-0.47002278999999997,7247,1470,0.001,4.67,7348
1.0,0.0015669474378228188,1060,0.21432235836982727,5,-0.46728052999999997,7265,1472,0.001,4.68,7366
1.0,0.0016852981643751264,1064,0.2215791940689087,5,-0.47278757,7287,1475,0.001,4.72,7388
1.0,0.0014273161068558693,1068,0.18182000517845154,5,-0.46813452000000005,7306,1477,0.001,4.67,7407
1.0,0.0012328908778727055,1072,0.17852261662483215,5,-0.46860835,7326,1480,0.001,4.66,7427
1.0,0.0024344157427549362,1076,0.23167595267295837,5,-0.4695537699999999,7339,1482,0.001,4.65,7440
1.0,0.0018198671750724316,1080,0.26501554250717163,5,-0.47100290999999994,7360,1484,0.001,4.64,7461
1.0,0.0014847831334918737,1084,0.20289215445518494,5,-0.4702191899999999,7379,1487,0.001,4.65,7480
1.0,0.001479745376855135,1088,0.23527677357196808,5,-0.47142469000000004,7399,1489,0.001,4.65,7500
1.0,0.0012788858730345964,1092,0.1865275502204895,5,-0.46067034,7409,1490,0.001,4.55,7510
1.0,0.0015883701853454113,1096,0.22436684370040894,5,-0.471255,7430,1494,0.001,4.62,7531
1.0,0.0014140827115625143,1100,0.18831902742385864,5,-0.4615219499999999,7444,1497,0.001,4.55,7545
1.0,0.0012133591808378696,1104,0.22972507774829865,5,-0.46523267999999995,7462,1499,0.001,4.59,7563
1.0,0.0015685586258769035,1108,0.21946148574352264,5,-0.46005645,7479,1502,0.001,4.56,7580
1.0,0.0017138784751296043,1112,0.21273145079612732,5,-0.45653146,7496,1506,0.001,4.54,7597
1.0,0.002253117738291621,1116,0.2274552583694458,5,-0.45799,7512,1508,0.001,4.54,7613
1.0,0.001355815795250237,1120,0.24035392701625824,5,-0.46296443000000004,7527,1511,0.001,4.56,7628
1.0,0.0014845645055174828,1124,0.2503608167171478,5,-0.4675566,7546,1515,0.001,4.6,7647
1.0,0.0013459878973662853,1128,0.19190841913223267,5,-0.47105853000000003,7566,1521,0.001,4.6,7667
1.0,0.0018648153636604548,1132,0.18937450647354126,5,-0.4513715700000001,7580,1525,0.001,4.27,7681
1.0,0.0017427989514544606,1136,0.23099268972873688,5,-0.45781991999999994,7596,1528,0.001,4.3,7697
1.0,0.0013357773423194885,1140,0.2508896589279175,5,-0.45307945000000005,7611,1531,0.001,4.24,7712
1.0,0.001597319613210857,1144,0.2673763632774353,5,-0.45510061,7630,1535,0.001,4.28,7731
1.0,0.0017192858504131436,1148,0.2028651237487793,5,-0.46244729000000007,7649,1539,0.001,4.31,7750
1.0,0.0010027141543105245,1152,0.17021866142749786,5,-0.47381382,7670,1542,0.001,4.39,7771
1.0,0.0014334195293486118,1156,0.2539454698562622,5,-0.47472057,7685,1544,0.001,4.38,7786
1.0,0.0015918221324682236,1160,0.20519961416721344,5,-0.4755492300000001,7702,1547,0.001,4.37,7803
0.99,0.0009835155215114355,1164,0.19498512148857117,5,-0.5107984600000001,7762,1558,0.001,4.75,7863
0.99,0.0011975816451013088,1168,0.21130192279815674,5,-0.50669394,7779,1560,0.001,4.73,7880
0.99,0.001117014791816473,1172,0.2443421185016632,5,-0.5063488199999999,7798,1563,0.001,4.72,7899
0.99,0.001221182756125927,1176,0.20254427194595337,5,-0.5178720200000001,7820,1567,0.001,4.81,7921
0.99,0.001179457874968648,1180,0.1957225501537323,5,-0.5115702400000001,7840,1570,0.001,4.8,7941
0.99,0.001402595080435276,1184,0.21901655197143555,5,-0.5109435400000001,7858,1574,0.001,4.79,7959
0.99,0.0021034092642366886,1188,0.22373127937316895,5,-0.49249081000000006,7867,1575,0.001,4.68,7968
0.99,0.0015931606758385897,1192,0.21870271861553192,5,-0.4918557700000001,7875,1577,0.001,4.66,7976
0.99,0.0031100681517273188,1196,0.18200397491455078,5,-0.48360414999999995,7891,1582,0.001,4.61,7992
0.99,0.0013880443293601274,1200,0.2007872462272644,5,-0.48367178000000005,7904,1584,0.001,4.6,8005
0.99,0.0019376748241484165,1204,0.22280742228031158,5,-0.4742400499999999,7915,1585,0.001,4.53,8016
0.99,0.0012278383364900947,1208,0.20403432846069336,5,-0.48179206,7936,1589,0.001,4.57,8037
0.99,0.0014714408898726106,1212,0.21589422225952148,5,-0.48103661000000003,7951,1591,0.001,4.55,8052
0.99,0.0016813211841508746,1216,0.19603756070137024,5,-0.47723395999999996,7966,1594,0.001,4.54,8067
0.99,0.0023571401834487915,1220,0.22448976337909698,5,-0.47659091000000003,7980,1597,0.001,4.53,8081
0.99,0.001918287482112646,1224,0.2266397774219513,5,-0.4754429699999999,7997,1599,0.001,4.51,8098
0.99,0.0014028027653694153,1228,0.22963303327560425,5,-0.4736428399999999,8017,1602,0.001,4.51,8118
0.99,0.0019437118899077177,1232,0.24542519450187683,5,-0.47039449999999994,8032,1606,0.001,4.52,8133
0.99,0.0013800038723275065,1236,0.27292364835739136,5,-0.4706714699999999,8047,1614,0.001,4.51,8148
0.99,0.0018272449960932136,1240,0.228435680270195,5,-0.47673398,8068,1621,0.001,4.57,8169
0.99,0.0014424743130803108,1244,0.2378266453742981,5,-0.47757883000000007,8084,1629,0.001,4.54,8185
0.99,0.001780986087396741,1248,0.2413162887096405,5,-0.46489249,8096,1636,0.001,4.47,8197
0.99,0.0014767858665436506,1252,0.265259712934494,4,-0.4692513100000001,8117,1655,0.001,4.47,8218
0.99,0.0011329594999551773,1256,0.22161005437374115,4,-0.47077506000000013,8133,1662,0.001,4.48,8234
0.99,0.0014349182602018118,1260,0.20677553117275238,4,-0.46547477,8145,1664,0.001,4.43,8246
1.0,0.002814152278006077,1264,0.1846638172864914,4,-0.42549522,8163,1667,0.001,4.01,8264
1.0,0.0016228226013481617,1268,0.24138978123664856,4,-0.4320851400000001,8183,1672,0.001,4.04,8284
1.0,0.0019058178877457976,1272,0.23721939325332642,4,-0.4223711,8196,1677,0.001,3.98,8297
1.0,0.0015357276424765587,1276,0.19998854398727417,4,-0.41330296,8212,1683,0.001,3.92,8313
1.0,0.0013417219743132591,1280,0.16498324275016785,4,-0.4083522499999999,8228,1686,0.001,3.88,8329
1.0,0.0012913837563246489,1284,0.18062913417816162,4,-0.40414032000000005,8242,1689,0.001,3.84,8343
1.0,0.0015205685049295425,1288,0.2316565364599228,4,-0.41327803999999996,8259,1692,0.001,3.92,8360
1.0,0.0015770255122333765,1292,0.28381675481796265,4,-0.41806746000000006,8271,1695,0.001,3.96,8372
0.99,0.0010961436200886965,1296,0.18681086599826813,4,-0.46196470999999995,8337,1706,0.001,4.46,8438
0.99,0.001583956414833665,1300,0.2602849304676056,4,-0.47516627,8358,1710,0.001,4.54,8459
0.99,0.0019443694036453962,1304,0.2298714518547058,4,-0.4748168899999999,8370,1711,0.001,4.55,8471
0.99,0.0015111261745914817,1308,0.21566392481327057,4,-0.48215684,8393,1718,0.001,4.57,8494
0.99,0.0012934401165693998,1312,0.22758862376213074,4,-0.4827086899999999,8409,1721,0.001,4.58,8510
0.99,0.001094287377782166,1316,0.1867014765739441,4,-0.4933810399999999,8430,1726,0.001,4.64,8531
0.99,0.0017137298127636313,1320,0.22765761613845825,4,-0.4993715099999999,8450,1729,0.001,4.7,8551
0.99,0.0014227762585505843,1324,0.19939899444580078,4,-0.5004998699999998,8473,1734,0.001,4.76,8574
0.99,0.0014415897894650698,1328,0.24144795536994934,4,-0.48830286000000006,8487,1736,0.001,4.7,8588
0.99,0.0010088859125971794,1332,0.16071678698062897,4,-0.49222403,8504,1739,0.001,4.72,8605
0.99,0.001194358104839921,1336,0.22901327908039093,4,-0.4954329800000001,8523,1744,0.001,4.76,8624
0.99,0.0015063032042235136,1340,0.2196567952632904,4,-0.48908577000000003,8540,1750,0.001,4.72,8641
0.99,0.001229692716151476,1344,0.24149078130722046,4,-0.49385759,8563,1755,0.001,4.79,8664
0.99,0.0015135149005800486,1348,0.3349301815032959,4,-0.50061909,8580,1759,0.001,4.84,8681
0.99,0.001701517147012055,1352,0.18860889971256256,4,-0.50083101,8603,1762,0.001,4.86,8704
0.99,0.0012123461347073317,1356,0.19824135303497314,4,-0.5055270799999999,8623,1768,0.001,4.9,8724
0.99,0.001382470945827663,1360,0.21935881674289703,4,-0.51021761,8639,1772,0.001,4.94,8740
0.99,0.0012105857022106647,1364,0.2235264927148819,4,-0.50066369,8652,1775,0.001,4.89,8753
0.99,0.0011373991146683693,1368,0.16721682250499725,4,-0.4930086,8668,1779,0.001,4.85,8769
0.99,0.0011879759840667248,1372,0.1911308914422989,4,-0.50239268,8687,1783,0.001,4.91,8788
0.99,0.0012530067469924688,1376,0.19683369994163513,4,-0.49906909,8702,1786,0.001,4.9,8803
0.99,0.0014832739252597094,1380,0.252972275018692,4,-0.49343590000000004,8713,1789,0.001,4.85,8814
0.99,0.002556757302954793,1384,0.2562751770019531,4,-0.5074626900000001,8736,1796,0.001,4.94,8837
0.99,0.0017248772783204913,1388,0.18425562977790833,4,-0.51688078,8756,1801,0.001,4.97,8857
0.99,0.0019389971857890487,1392,0.17507919669151306,4,-0.53160138,8777,1811,0.001,5.06,8878
1.0,0.00256171403452754,1396,0.17229552567005157,4,-0.49172664000000005,8795,1815,0.001,4.58,8896
1.0,0.0016005458310246468,1400,0.2493942379951477,4,-0.4735286000000001,8805,1819,0.001,4.47,8906
1.0,0.001265586819499731,1404,0.21279634535312653,4,-0.49265777000000005,8833,1824,0.001,4.63,8934
1.0,0.0019255063962191343,1408,0.21898970007896423,4,-0.47901501999999996,8851,1829,0.001,4.58,8952
1.0,0.0012026575859636068,1412,0.2036581188440323,4,-0.48117038,8867,1833,0.001,4.58,8968
1.0,0.0014172616647556424,1416,0.22988960146903992,4,-0.47433170999999985,8883,1838,0.001,4.53,8984
1.0,0.0013106155674904585,1420,0.20718765258789062,4,-0.4734122199999999,8904,1842,0.001,4.54,9005
1.0,0.001075590611435473,1424,0.17376898229122162,4,-0.46809869999999987,8920,1846,0.001,4.47,9021
1.0,0.0017519892426207662,1428,0.23499803245067596,4,-0.47736835,8940,1850,0.001,4.53,9041
1.0,0.0017385531682521105,1432,0.19211049377918243,4,-0.47184199,8954,1855,0.001,4.5,9055
1.0,0.0016554677858948708,1436,0.17518584430217743,4,-0.46925724,8971,1857,0.001,4.48,9072
1.0,0.0015485715121030807,1440,0.22979778051376343,4,-0.46499429999999997,8984,1859,0.001,4.44,9085
1.0,0.0011843969114124775,1444,0.21076703071594238,4,-0.45548271,9001,1866,0.001,4.38,9102
1.0,0.0013011058326810598,1448,0.19054681062698364,4,-0.46261758000000003,9024,1883,0.001,4.44,9125
1.0,0.0013944347156211734,1452,0.19731059670448303,4,-0.44806853000000013,9038,1887,0.001,4.35,9139
1.0,0.0017715450376272202,1456,0.20479413866996765,4,-0.43441173,9049,1890,0.001,4.26,9150
1.0,0.001303221913985908,1460,0.21122436225414276,4,-0.43317775999999986,9064,1895,0.001,4.25,9165
1.0,0.0015525314956903458,1464,0.1739235818386078,4,-0.43754618999999983,9079,1899,0.001,4.27,9180
1.0,0.0014175185933709145,1468,0.22827701270580292,4,-0.44451517,9098,1904,0.001,4.3,9199
1.0,0.00108735216781497,1472,0.22647759318351746,4,-0.43577701,9113,1907,0.001,4.26,9214
1.0,0.0031463615596294403,1476,0.2217395305633545,4,-0.4393420099999999,9129,1910,0.001,4.27,9230
1.0,0.001984524540603161,1480,0.16345493495464325,4,-0.4480526,9146,1912,0.001,4.33,9247
1.0,0.0011278381571173668,1484,0.19577781856060028,4,-0.43345945,9162,1915,0.001,4.26,9263
1.0,0.0015016956022009254,1488,0.26201149821281433,4,-0.42695885000000006,9179,1918,0.001,4.23,9280
1.0,0.0017556761158630252,1492,0.1882636547088623,4,-0.42452565999999997,9199,1922,0.001,4.22,9300
1.0,0.0015386366285383701,1496,0.20617827773094177,4,-0.41401150999999997,9209,1924,0.001,4.14,9310
1.0,0.001044762204401195,1500,0.23877185583114624,4,-0.4290591299999999,9230,1927,0.001,4.25,9331
1.0,0.00132461404427886,1504,0.19074684381484985,4,-0.42293308999999996,9248,1930,0.001,4.15,9349
1.0,0.002460985444486141,1508,0.22285696864128113,4,-0.43211926999999994,9268,1933,0.001,4.17,9369
1.0,0.0017955922521650791,1512,0.1823359727859497,4,-0.4413383700000001,9289,1938,0.001,4.22,9390
1.0,0.0012348946183919907,1516,0.17728376388549805,4,-0.44481275000000003,9310,1940,0.001,4.27,9411
1.0,0.0015987924998626113,1520,0.23239204287528992,4,-0.44012009999999996,9327,1945,0.001,4.23,9428
1.0,0.0013698006514459848,1524,0.33657515048980713,4,-0.44598369,9344,1947,0.001,4.24,9445
1.0,0.0016409403178840876,1528,0.20666639506816864,4,-0.4495935800000001,9365,1952,0.001,4.25,9466
1.0,0.0015033453237265348,1532,0.21099478006362915,4,-0.45940258,9382,1955,0.001,4.28,9483
1.0,0.0014323703944683075,1536,0.14577656984329224,4,-0.46102245,9404,1959,0.001,4.33,9505
1.0,0.0016781133599579334,1540,0.23327700793743134,4,-0.45549495000000007,9416,1961,0.001,4.32,9517
1.0,0.0020722413901239634,1544,0.24375422298908234,4,-0.45822857,9432,1963,0.001,4.31,9533
1.0,0.0012177203316241503,1548,0.18692538142204285,4,-0.45490696999999997,9450,1967,0.001,4.26,9551
1.0,0.0011660181917250156,1552,0.20530851185321808,4,-0.45693859,9465,1969,0.001,4.27,9566
1.0,0.0034794930834323168,1556,0.22130103409290314,4,-0.45868027000000006,9477,1971,0.001,4.28,9578
1.0,0.0012275438057258725,1560,0.1956295371055603,4,-0.46722643999999997,9498,1975,0.001,4.34,9599
1.0,0.0011506670853123069,1564,0.15939363837242126,4,-0.46548554000000003,9512,1977,0.001,4.33,9613
1.0,0.002124431077390909,1568,0.19069232046604156,4,-0.47115685999999996,9533,1980,0.001,4.35,9634
1.0,0.001780621474608779,1572,0.15701201558113098,4,-0.4671436,9545,1983,0.001,4.32,9646
1.0,0.001327224774286151,1576,0.20347794890403748,4,-0.4723396100000001,9563,1987,0.001,4.34,9664
1.0,0.0015376787632703781,1580,0.2048913836479187,4,-0.4748507799999999,9582,1993,0.001,4.36,9683
1.0,0.0010484084486961365,1584,0.23551566898822784,4,-0.4749096300000001,9597,1997,0.001,4.35,9698
1.0,0.0013493698788806796,1588,0.1986813247203827,4,-0.47852441999999995,9617,2001,0.001,4.38,9718
1.0,0.0013160675298422575,1592,0.2000109702348709,4,-0.46903733,9633,2003,0.001,4.34,9734
1.0,0.0011682342737913132,1596,0.20894773304462433,4,-0.48321256999999995,9653,2006,0.001,4.44,9754
1.0,0.001675392035394907,1600,0.18161503970623016,4,-0.47136317999999994,9665,2008,0.001,4.35,9766
1.0,0.001201898092404008,1604,0.219938725233078,4,-0.4632276699999999,9679,2009,0.001,4.31,9780
1.0,0.00216665375046432,1608,0.20765221118927002,4,-0.4581198800000001,9700,2012,0.001,4.32,9801
1.0,0.0017665448831394315,1612,0.22752994298934937,4,-0.44410908000000004,9715,2014,0.001,4.26,9816
1.0,0.0012799508403986692,1616,0.20090311765670776,4,-0.4357986600000001,9729,2016,0.001,4.19,9830
1.0,0.0016363871982321143,1620,0.21724525094032288,4,-0.44083217999999996,9752,2020,0.001,4.25,9853
1.0,0.0010788460494950414,1624,0.16213417053222656,4,-0.43783052,9770,2026,0.001,4.26,9871
1.0,0.0012086922070011497,1628,0.1765352487564087,4,-0.43880392,9795,2029,0.001,4.3,9896
1.0,0.004838224966078997,1632,0.2227645218372345,4,-0.43743340000000003,9812,2031,0.001,4.3,9913
1.0,0.0023115980438888073,1636,0.20048008859157562,4,-0.42873846,9826,2033,0.001,4.22,9927
1.0,0.001613187720067799,1640,0.1920432448387146,4,-0.4401693100000001,9845,2036,0.001,4.29,9946
1.0,0.0010111217852681875,1644,0.18239031732082367,4,-0.43876565,9862,2038,0.001,4.3,9963
1.0,0.0014200415462255478,1648,0.18042640388011932,4,-0.44649376000000013,9883,2041,0.001,4.33,9984
1.0,0.001986919902265072,1652,0.19824565947055817,4,-0.4452530900000001,9899,2043,0.001,4.34,10000
