train/learning_rate,time/total_timesteps,time/episodes,time/fps,rollout/success_rate,train/critic_loss,train/n_updates,rollout/ep_len_mean,rollout/ep_rew_mean,time/time_elapsed,train/actor_loss
0.001,163,4,13,0.25,0.004687637556344271,62,40.75,-12.198594,12,0.119062140583992
0.001,363,8,6,0.125,0.0020158591214567423,262,45.375,-18.6511545,54,0.22311213612556458
0.001,560,12,5,0.16666666666666666,0.0008107377216219902,459,46.666666666666664,-15.568319083333336,94,0.33257225155830383
0.001,715,16,5,0.1875,0.0007640057010576129,614,44.6875,-13.81274425,120,0.28811147809028625
0.001,915,20,5,0.15,0.0005538446130231023,814,45.75,-12.9560667,152,0.31401169300079346
0.001,1004,24,5,0.25,0.0008408285793848336,903,41.833333333333336,-11.137785791666667,169,0.298854798078537
0.001,1164,28,5,0.25,0.0007591465837322176,1063,41.57142857142857,-10.295253,199,0.3077586591243744
0.001,1233,32,5,0.3125,0.0009407646721228957,1132,38.53125,-9.328967562499999,216,0.3187862038612366
0.001,1308,36,5,0.3611111111111111,0.0010732811642810702,1207,36.333333333333336,-8.613211249999999,247,0.33542075753211975
0.001,1418,40,5,0.4,0.0013991142623126507,1317,35.45,-8.013824599999998,262,0.35772982239723206
0.001,1493,44,5,0.4318181818181818,0.0011260095052421093,1392,33.93181818181818,-7.471992613636362,275,0.3509494364261627
0.001,1558,48,5,0.4583333333333333,0.0011137097608298063,1457,32.458333333333336,-7.077541791666666,284,0.33156144618988037
0.001,1671,52,5,0.46153846153846156,0.0014295111177489161,1570,32.13461538461539,-6.829215788461538,300,0.3423469364643097
0.001,1725,56,5,0.5,0.0010295091196894646,1624,30.803571428571427,-6.426438267857143,309,0.31769540905952454
0.001,1743,60,5,0.5333333333333333,0.0016623919364064932,1642,29.05,-6.027190816666666,313,0.37025588750839233
0.001,1769,64,5,0.5625,0.001698383130133152,1668,27.640625,-5.688521546875,318,0.3923664689064026
0.001,1828,68,5,0.5735294117647058,0.0012499449076130986,1727,26.88235294117647,-5.424608073529412,332,0.29811039566993713
0.001,1843,72,5,0.5972222222222222,0.0012556412257254124,1742,25.59722222222222,-5.139782222222222,338,0.3407643437385559
0.001,1906,76,5,0.6052631578947368,0.0014901271788403392,1805,25.07894736842105,-4.971199828947368,350,0.3061266243457794
0.001,1926,80,5,0.625,0.0017118453979492188,1825,24.075,-4.7525831125,355,0.3347169756889343
0.001,1944,84,5,0.6428571428571429,0.0015645257662981749,1843,23.142857142857142,-4.54938125,359,0.3354623317718506
0.001,1965,88,5,0.6590909090909091,0.0013235979713499546,1864,22.329545454545453,-4.3697351931818185,364,0.3046329617500305
0.001,2033,92,5,0.6630434782608695,0.0011852160096168518,1932,22.097826086956523,-4.264083,383,0.3071788549423218
0.001,2049,96,5,0.6770833333333334,0.0010779222939163446,1948,21.34375,-4.102011552083334,387,0.3117019534111023
0.001,2157,100,5,0.67,0.0009939890587702394,2056,21.57,-4.03685567,422,0.2909730076789856
0.001,2165,104,5,0.7,0.001160157728008926,2064,20.02,-3.5537741500000006,423,0.3044187128543854
0.001,2188,108,5,0.74,0.0014339352492243052,2087,18.25,-2.5745097099999996,429,0.2838374376296997
0.001,2219,112,5,0.77,0.0016315029934048653,2118,16.59,-2.22477731,435,0.32124048471450806
0.001,2242,116,5,0.8,0.00147990882396698,2141,15.27,-1.90468853,439,0.3011090159416199
0.001,2260,120,5,0.84,0.0013920036144554615,2159,13.45,-1.5392668800000002,444,0.33819088339805603
0.001,2279,124,5,0.85,0.001312347361817956,2178,12.75,-1.4769470199999999,448,0.31664615869522095
0.001,2311,128,5,0.88,0.0017594504170119762,2210,11.47,-1.29867067,454,0.3737020492553711
0.001,2329,132,5,0.89,0.0013706143945455551,2228,10.96,-1.2126808099999997,459,0.2847389876842499
0.001,2346,136,5,0.9,0.00226446520537138,2245,10.38,-1.1143883499999998,463,0.33028262853622437
0.001,2365,140,5,0.91,0.0016206450527533889,2264,9.47,-1.02952109,470,0.3398621678352356
0.001,2389,144,5,0.92,0.0014516429509967566,2288,8.96,-0.9761169,477,0.31413236260414124
0.001,2410,148,4,0.93,0.0021012169308960438,2309,8.52,-0.8867602899999999,493,0.3023219108581543
0.001,2476,152,4,0.94,0.0018059207359328866,2375,8.05,-0.8151918600000001,523,0.2850673794746399
0.001,2511,156,4,0.94,0.0017845992697402835,2410,7.86,-0.8054802399999998,533,0.27665889263153076
0.001,2582,160,4,0.93,0.00188939250074327,2481,8.39,-0.8583004099999999,559,0.3379004895687103
0.001,2604,164,4,0.93,0.0016589835286140442,2503,8.35,-0.85946249,568,0.2938971519470215
0.001,2627,168,4,0.94,0.0021004811860620975,2526,7.99,-0.8325895000000001,575,0.3065875172615051
0.001,2641,172,4,0.94,0.0016768460627645254,2540,7.98,-0.8328859500000001,578,0.2430357187986374
0.001,2709,176,4,0.94,0.0024279290810227394,2608,8.03,-0.8304971200000001,597,0.26848044991493225
0.001,2730,180,4,0.94,0.001777517143636942,2629,8.04,-0.8259599299999999,602,0.3294476270675659
0.001,2745,184,4,0.94,0.0019388806540519,2644,8.01,-0.82264554,605,0.3127497732639313
0.001,2761,188,4,0.94,0.002061419887468219,2660,7.96,-0.81642056,608,0.2931143343448639
0.001,2784,192,4,0.95,0.0020433992613106966,2683,7.51,-0.7601758399999998,613,0.29406842589378357
0.001,2808,196,4,0.95,0.0016185252461582422,2707,7.59,-0.77054175,620,0.2502868175506592
0.001,2827,200,4,0.97,0.0019251967314630747,2726,6.7,-0.68953107,630,0.3169398903846741
0.001,2848,204,4,0.97,0.0019827457144856453,2747,6.83,-0.71021908,635,0.2923172414302826
0.001,2865,208,4,0.97,0.0016764604952186346,2764,6.77,-0.7038207,638,0.2546619176864624
0.001,2883,212,4,0.97,0.0019556861370801926,2782,6.64,-0.69438234,643,0.2690659463405609
0.001,2899,216,4,0.97,0.0017245744820684195,2798,6.57,-0.6905365299999999,645,0.2860340476036072
0.001,2920,220,4,0.97,0.0021798398811370134,2819,6.6,-0.69368943,649,0.27744561433792114
0.001,2986,224,4,0.96,0.0017137457616627216,2885,7.07,-0.72973822,661,0.28288665413856506
0.001,2998,228,4,0.96,0.0014805548125877976,2897,6.87,-0.70980796,664,0.24614596366882324
0.001,3020,232,4,0.96,0.0014083008281886578,2919,6.91,-0.7110608099999999,668,0.24313093721866608
0.001,3044,236,4,0.96,0.0023655486293137074,2943,6.98,-0.7195604899999998,673,0.2530075013637543
0.001,3056,240,4,0.96,0.0020171282812952995,2955,6.91,-0.70970624,674,0.2677987813949585
0.001,3073,244,4,0.96,0.0018659015186131,2972,6.84,-0.6975251000000001,677,0.28531527519226074
0.001,3087,248,4,0.96,0.002001396147534251,2986,6.77,-0.68844031,679,0.2790743410587311
0.001,3105,252,4,0.97,0.002290820935741067,3004,6.29,-0.62454136,682,0.26112473011016846
0.001,3118,256,4,0.97,0.0024510791990906,3017,6.07,-0.5987331800000001,684,0.22714687883853912
0.001,3136,260,4,0.98,0.00199494743719697,3035,5.54,-0.5437725,690,0.2864530384540558
0.001,3179,264,4,0.98,0.0013896350283175707,3078,5.75,-0.55849011,700,0.25019726157188416
0.001,3199,268,4,0.98,0.001982893329113722,3098,5.72,-0.55709293,704,0.2678096294403076
0.001,3216,272,4,0.98,0.0020785597153007984,3115,5.75,-0.5623976900000001,707,0.25676408410072327
0.001,3232,276,4,0.99,0.0020809457637369633,3131,5.23,-0.50200838,711,0.23767952620983124
0.001,3251,280,4,0.99,0.0018037745030596852,3150,5.21,-0.50294802,718,0.2973942756652832
0.001,3266,284,4,0.99,0.0015298391226679087,3165,5.21,-0.5018559,724,0.2492866814136505
0.001,3285,288,4,0.99,0.0018001673743128777,3184,5.24,-0.50488809,729,0.26324141025543213
0.001,3305,292,4,0.99,0.0019717211835086346,3204,5.21,-0.50624084,734,0.2434174120426178
0.001,3320,296,4,0.99,0.0015682694502174854,3219,5.12,-0.49455290999999996,737,0.23286965489387512
0.001,3332,300,4,0.99,0.0016818534350022674,3231,5.05,-0.48711337,740,0.26463159918785095
0.001,3351,304,4,0.99,0.0018274168251082301,3250,5.03,-0.48204873,751,0.22179625928401947
0.001,3367,308,4,0.99,0.0017579502891749144,3266,5.02,-0.47846507000000005,755,0.2679927349090576
0.001,3385,312,4,0.99,0.0018647868419066072,3284,5.02,-0.4809796,764,0.23737123608589172
0.001,3399,316,4,0.99,0.001966777490451932,3298,5.0,-0.47518936000000006,767,0.24520163238048553
0.001,3418,320,4,0.99,0.0019373722607269883,3317,4.98,-0.4744277700000001,771,0.22934885323047638
0.001,3436,324,4,1.0,0.0015790124889463186,3335,4.5,-0.43584682,777,0.28932565450668335
0.001,3499,328,4,0.99,0.0015705334953963757,3398,5.01,-0.4926036300000001,792,0.23320354521274567
0.001,3517,332,4,0.99,0.0015881056897342205,3416,4.97,-0.4941923000000001,795,0.24609330296516418
0.001,3536,336,4,0.99,0.001853979891166091,3435,4.92,-0.48679171,806,0.23944801092147827
0.001,3558,340,4,0.99,0.0016949472483247519,3457,5.02,-0.50280736,813,0.2338850349187851
0.001,3573,344,4,0.99,0.0020660352893173695,3472,5.0,-0.50040748,817,0.21686163544654846
0.001,3592,348,4,0.99,0.0016816065181046724,3491,5.05,-0.5063888,823,0.22684714198112488
0.001,3613,352,4,0.99,0.0016423233319073915,3512,5.08,-0.51165123,827,0.24850451946258545
0.001,3631,356,4,0.99,0.0018754120683297515,3530,5.13,-0.51870983,832,0.22512224316596985
0.001,3649,360,4,0.99,0.0016508910339325666,3548,5.13,-0.52078876,836,0.2595055103302002
0.001,3670,364,4,0.99,0.0015073379036039114,3569,4.91,-0.5017535200000001,839,0.24951760470867157
0.001,3683,368,4,0.99,0.0014250872191041708,3582,4.84,-0.49346716000000007,842,0.22122475504875183
0.001,3704,372,4,0.99,0.0018172399140894413,3603,4.88,-0.4980787299999999,846,0.2571929693222046
0.001,3720,376,4,0.99,0.0018627530662342906,3619,4.88,-0.4993573500000001,849,0.20100095868110657
0.001,3738,380,4,0.99,0.001432915567420423,3637,4.87,-0.49568492,852,0.2826414704322815
0.001,3756,384,4,0.99,0.0016605507116764784,3655,4.9,-0.5028637100000001,859,0.20552034676074982
0.001,3775,388,4,0.99,0.0015354801435023546,3674,4.9,-0.49990746,866,0.26534831523895264
0.001,3796,392,4,0.99,0.0015135649591684341,3695,4.91,-0.50049711,872,0.20752973854541779
0.001,3816,396,4,0.99,0.0014107255265116692,3715,4.96,-0.50286762,881,0.20023022592067719
0.001,3834,400,4,0.99,0.0015648504486307502,3733,5.02,-0.5113403799999999,887,0.239848792552948
0.001,3851,404,4,0.99,0.002393927425146103,3750,5.0,-0.50771844,891,0.2631893754005432
0.001,3916,408,4,0.98,0.001284108031541109,3815,5.49,-0.5492437000000001,905,0.24304106831550598
0.001,3944,412,4,0.98,0.0015785020077601075,3843,5.59,-0.55820703,913,0.23117153346538544
0.001,3970,416,4,0.98,0.001791677437722683,3869,5.71,-0.57201983,918,0.2540418207645416
0.001,3986,420,4,0.98,0.0026708589866757393,3885,5.68,-0.5700476800000001,921,0.27978548407554626
0.001,4003,424,4,0.98,0.0031866985373198986,3902,5.67,-0.5723398599999999,924,0.2718625068664551
0.001,4020,428,4,0.99,0.001670166035182774,3919,5.21,-0.51979124,927,0.25543731451034546
0.001,4034,432,4,0.99,0.0023231946397572756,3933,5.17,-0.5130557800000001,931,0.2390153408050537
0.001,4056,436,4,0.99,0.001601849915459752,3955,5.2,-0.5212984500000001,935,0.2892523407936096
0.001,4072,440,4,0.99,0.0015513442922383547,3971,5.14,-0.51002394,939,0.19087955355644226
0.001,4087,444,4,0.99,0.0019842754118144512,3986,5.14,-0.50924163,942,0.1984204202890396
0.001,4105,448,4,0.99,0.001266281004063785,4004,5.13,-0.5129958600000001,946,0.21185460686683655
0.001,4121,452,4,0.99,0.0014744889922440052,4020,5.08,-0.5045759400000001,950,0.21869976818561554
0.001,4136,456,4,0.99,0.0024809455499053,4035,5.05,-0.49807502,954,0.23165178298950195
0.001,4151,460,4,0.99,0.0021677666809409857,4050,5.02,-0.49573007999999996,957,0.20294912159442902
0.001,4169,464,4,0.99,0.0012675421312451363,4068,4.99,-0.49455458,960,0.19982632994651794
0.001,4188,468,4,0.99,0.0018343515694141388,4087,5.05,-0.50037485,963,0.20824971795082092
0.001,4205,472,4,0.99,0.001586634200066328,4104,5.01,-0.4970894400000001,967,0.1624419391155243
0.001,4221,476,4,0.99,0.0015889918431639671,4120,5.01,-0.49866234000000015,971,0.2285560816526413
0.001,4240,480,4,0.99,0.001361848320811987,4139,5.02,-0.5050588900000001,975,0.24066929519176483
0.001,4255,484,4,0.99,0.0018711641896516085,4154,4.99,-0.49539799999999995,978,0.22930561006069183
0.001,4273,488,4,0.99,0.0016415196005254984,4172,4.98,-0.4976450799999999,985,0.20691466331481934
0.001,4289,492,4,0.99,0.00124102714471519,4188,4.93,-0.48857700000000004,988,0.23754020035266876
0.001,4310,496,4,0.99,0.0013700734125450253,4209,4.94,-0.49527491000000007,993,0.30182695388793945
0.001,4326,500,4,0.99,0.0014529530890285969,4225,4.92,-0.49296187999999996,996,0.24380278587341309
0.001,4345,504,4,0.99,0.0018089787336066365,4244,4.94,-0.49218585,1001,0.2615209221839905
0.001,4357,508,4,1.0,0.0015228178817778826,4256,4.41,-0.44562441999999997,1003,0.18618249893188477
0.001,4402,512,4,1.0,0.0010250332998111844,4301,4.58,-0.45546243000000003,1018,0.20834332704544067
0.001,4416,516,4,1.0,0.0012766660656780005,4315,4.46,-0.44245946,1021,0.18600644171237946
0.001,4431,520,4,1.0,0.00140400102827698,4330,4.45,-0.44155054,1025,0.21235613524913788
0.001,4446,524,4,1.0,0.0014810940483585,4345,4.43,-0.43744556,1029,0.22740808129310608
0.001,4461,528,4,1.0,0.001287148566916585,4360,4.41,-0.4365325500000001,1037,0.17005513608455658
0.001,4481,532,4,1.0,0.0017911794129759073,4380,4.47,-0.44531909999999997,1043,0.25606846809387207
0.001,4498,536,4,1.0,0.001449128147214651,4397,4.42,-0.43727041,1047,0.19731751084327698
0.001,4514,540,4,1.0,0.0016148382565006614,4413,4.42,-0.4391884099999999,1050,0.18223068118095398
0.001,4537,544,4,1.0,0.0016303971642628312,4436,4.5,-0.45342298000000014,1056,0.2299654483795166
0.001,4552,548,4,1.0,0.0015276994090527296,4451,4.47,-0.44744386999999997,1058,0.1714339554309845
0.001,4567,552,4,1.0,0.00146536307875067,4466,4.46,-0.45103185,1062,0.24072375893592834
0.001,4629,556,4,0.99,0.0017409028951078653,4528,4.93,-0.4900937700000001,1078,0.19835560023784637
0.001,4642,560,4,0.99,0.001515969168394804,4541,4.91,-0.4849215,1081,0.20409956574440002
0.001,4658,564,4,0.99,0.001613871194422245,4557,4.89,-0.48247859000000004,1084,0.2188153713941574
0.001,4675,568,4,0.99,0.0015814630314707756,4574,4.87,-0.48089216,1090,0.20947852730751038
0.001,4686,572,4,0.99,0.0014184361789375544,4585,4.81,-0.47026008000000014,1092,0.2270682454109192
0.001,4705,576,4,0.99,0.001320784678682685,4604,4.84,-0.47646173,1095,0.20733460783958435
0.001,4720,580,4,0.99,0.0011136152315884829,4619,4.8,-0.46913391,1098,0.2210804969072342
0.001,4735,584,4,0.99,0.0016900879563763738,4634,4.8,-0.47394395,1101,0.20306386053562164
0.001,4755,588,4,0.99,0.0014881347306072712,4654,4.82,-0.47859683,1105,0.20570310950279236
0.001,4780,592,4,0.99,0.0010244682198390365,4679,4.91,-0.4971107800000001,1109,0.18405315279960632
0.001,4797,596,4,0.99,0.0014406623085960746,4696,4.87,-0.49507402,1113,0.16701042652130127
0.001,4817,600,4,0.99,0.0014521342236548662,4716,4.91,-0.5014459499999999,1116,0.21216195821762085
0.001,4835,604,4,0.99,0.001161814434453845,4734,4.9,-0.50300452,1121,0.21690213680267334
0.001,4851,608,4,0.99,0.0014137367252260447,4750,4.94,-0.5095299299999999,1125,0.23595896363258362
0.001,4870,612,4,0.99,0.001504844636656344,4769,4.68,-0.49078524,1130,0.22355365753173828
0.001,4890,616,4,0.99,0.0015012134099379182,4789,4.74,-0.4993441999999999,1134,0.1644507199525833
0.001,4909,620,4,0.99,0.0015528373187407851,4808,4.78,-0.5072800799999999,1142,0.20101749897003174
0.001,4932,624,4,0.99,0.0012405473971739411,4831,4.86,-0.5175993799999999,1150,0.2002827227115631
0.001,4953,628,4,0.99,0.0020561045967042446,4852,4.92,-0.5263885899999999,1155,0.26381123065948486
0.001,4970,632,4,0.99,0.002180719282478094,4869,4.89,-0.52270936,1158,0.1875058263540268
0.001,4989,636,4,0.99,0.0015324591659009457,4888,4.91,-0.52469058,1163,0.21364441514015198
0.001,5007,640,4,0.99,0.001276839873753488,4906,4.93,-0.5266917499999999,1169,0.19524285197257996
0.001,5029,644,4,0.99,0.0012268552090972662,4928,4.92,-0.5212914300000001,1174,0.17882278561592102
0.001,5046,648,4,0.99,0.0012434821110218763,4945,4.94,-0.52167878,1178,0.20162491500377655
0.001,5064,652,4,0.99,0.0012834863737225533,4963,4.97,-0.5235883100000001,1181,0.23085956275463104
0.001,5083,656,4,1.0,0.001067914068698883,4982,4.54,-0.48988337000000004,1185,0.2023245245218277
0.001,5105,660,4,1.0,0.0011141822906211019,5004,4.63,-0.49879016,1190,0.1838962733745575
0.001,5120,664,4,1.0,0.0010580250527709723,5019,4.62,-0.49582637999999996,1194,0.19654017686843872
0.001,5136,668,4,1.0,0.001156407524831593,5035,4.61,-0.4938940399999999,1197,0.24037893116474152
0.001,5147,672,4,1.0,0.001260221004486084,5046,4.61,-0.49555078,1199,0.19752365350723267
0.001,5167,676,4,1.0,0.0011502536945044994,5066,4.62,-0.4919551200000001,1204,0.22282400727272034
0.001,5184,680,4,1.0,0.00128641608171165,5083,4.64,-0.49731916000000004,1206,0.18475303053855896
0.001,5198,684,4,1.0,0.0011387403355911374,5097,4.63,-0.49354235,1209,0.18506380915641785
0.001,5219,688,4,1.0,0.0014523831196129322,5118,4.64,-0.49214382000000007,1216,0.21715646982192993
0.001,5240,692,4,1.0,0.001575252041220665,5139,4.6,-0.48184624000000015,1223,0.20951968431472778
0.001,5261,696,4,1.0,0.001017994829453528,5160,4.64,-0.48043732999999994,1229,0.17904914915561676
0.001,5279,700,4,1.0,0.0015080749290063977,5178,4.62,-0.4734034,1236,0.22400552034378052
0.001,5296,704,4,1.0,0.0012562202755361795,5195,4.61,-0.47703691,1241,0.1902705430984497
0.001,5310,708,4,1.0,0.001246368046849966,5209,4.59,-0.47220421,1246,0.1959647536277771
0.001,5324,712,4,1.0,0.001126870745792985,5223,4.54,-0.4642729,1249,0.18206600844860077
0.001,5338,716,4,1.0,0.0012220703065395355,5237,4.48,-0.4558212399999999,1253,0.20865562558174133
0.001,5357,720,4,1.0,0.0019037777092307806,5256,4.48,-0.45645539,1256,0.22970014810562134
0.001,5372,724,4,1.0,0.0014074495993554592,5271,4.4,-0.44440717999999996,1259,0.17939357459545135
0.001,5387,728,4,1.0,0.0019340040162205696,5286,4.34,-0.4351927,1263,0.2131233811378479
0.001,5451,732,4,0.99,0.001838653814047575,5350,4.81,-0.47130632999999994,1279,0.21574313938617706
0.001,5465,736,4,0.99,0.0013272414216771722,5364,4.76,-0.46499847999999994,1281,0.2125418782234192
0.001,5486,740,4,0.99,0.0011883836705237627,5385,4.79,-0.47218281000000006,1283,0.2060994803905487
0.001,5506,744,4,0.99,0.0016127282287925482,5405,4.77,-0.47310917999999996,1286,0.22006797790527344
0.001,5525,748,4,0.99,0.0011604237370193005,5424,4.79,-0.4791748000000001,1289,0.2258615791797638
0.001,5536,752,4,0.99,0.0018154073040932417,5435,4.72,-0.4684427399999999,1290,0.1823669672012329
0.001,5551,756,4,0.99,0.0013502496294677258,5450,4.68,-0.46690705,1292,0.17036066949367523
0.001,5568,760,4,0.99,0.0011047900188714266,5467,4.63,-0.46561867000000007,1294,0.23270566761493683
0.001,5587,764,4,0.99,0.0014853791799396276,5486,4.67,-0.4724794500000001,1296,0.16828565299510956
0.001,5603,768,4,0.99,0.0012484884355217218,5502,4.67,-0.47589122000000006,1299,0.218221053481102
0.001,5623,772,4,0.99,0.0010296475375071168,5522,4.76,-0.49186518999999995,1303,0.21124766767024994
0.001,5639,776,4,0.99,0.0016572806052863598,5538,4.72,-0.48985665000000006,1306,0.19075506925582886
0.001,5658,780,4,0.99,0.001225355314090848,5557,4.74,-0.48872277000000003,1308,0.22675898671150208
0.001,5673,784,4,0.99,0.0010312411468476057,5572,4.75,-0.48831593999999995,1311,0.18919190764427185
0.001,5686,788,4,0.99,0.0017688246443867683,5585,4.67,-0.47660682,1313,0.16847491264343262
0.001,5709,792,4,0.99,0.0012887183111160994,5608,4.69,-0.48292050000000003,1317,0.18600422143936157
0.001,5726,796,4,0.99,0.0011807421687990427,5625,4.65,-0.48379141,1320,0.17553505301475525
0.001,5748,800,4,0.99,0.0014063853304833174,5647,4.69,-0.49086366000000003,1322,0.16281911730766296
0.001,5762,804,4,0.99,0.0012306834105402231,5661,4.66,-0.4833291600000001,1324,0.174432635307312
0.001,5778,808,4,0.99,0.001593634020537138,5677,4.68,-0.48612781,1327,0.2071269452571869
0.001,5788,812,4,0.99,0.002000486711040139,5687,4.64,-0.48168856,1328,0.2228904515504837
0.001,5807,816,4,0.99,0.0014100666157901287,5706,4.69,-0.48913926999999996,1331,0.18218638002872467
0.001,5827,820,4,0.99,0.0012670933501794934,5726,4.7,-0.4880168599999999,1335,0.17967937886714935
0.001,5861,824,4,0.99,0.0010678672697395086,5760,4.89,-0.51130615,1345,0.21907398104667664
0.001,5884,828,4,0.99,0.0012700615916401148,5783,4.97,-0.52454662,1350,0.21500620245933533
0.001,5898,832,4,1.0,0.0012995207216590643,5797,4.47,-0.48324885,1353,0.17739467322826385
0.001,5912,836,4,1.0,0.0018128022784367204,5811,4.47,-0.48347082,1356,0.1758212447166443
0.001,5931,840,4,1.0,0.0016411860706284642,5830,4.45,-0.47504571000000007,1361,0.2116844207048416
0.001,5943,844,4,1.0,0.0010829323437064886,5842,4.37,-0.4623416600000001,1364,0.19029422104358673
0.001,5969,848,4,1.0,0.0012373425997793674,5868,4.44,-0.4694954700000001,1369,0.18340502679347992
0.001,5988,852,4,1.0,0.002232256345450878,5887,4.52,-0.4814647800000001,1372,0.16638419032096863
0.001,6002,856,4,1.0,0.002045989502221346,5901,4.51,-0.47857414,1374,0.21999096870422363
0.001,6015,860,4,1.0,0.0016126125119626522,5914,4.47,-0.4722961600000001,1377,0.20238085091114044
0.001,6030,864,4,1.0,0.0013982311356812716,5929,4.43,-0.46610126,1380,0.1987808793783188
0.001,6041,868,4,1.0,0.001288433326408267,5940,4.38,-0.45646869999999995,1383,0.15948596596717834
0.001,6056,872,4,1.0,0.0016039512120187283,5955,4.33,-0.44663504,1387,0.16590458154678345
0.001,6072,876,4,1.0,0.0011921414406970143,5971,4.33,-0.44264595999999995,1392,0.21767650544643402
0.001,6089,880,4,1.0,0.0013882945058867335,5988,4.31,-0.44057437,1396,0.16984981298446655
0.001,6107,884,4,1.0,0.001339955604635179,6006,4.34,-0.4459280799999999,1399,0.1756718009710312
0.001,6123,888,4,1.0,0.00175236735958606,6022,4.37,-0.45182244,1403,0.2189948707818985
0.001,6139,892,4,1.0,0.0013526249676942825,6038,4.3,-0.43855667000000004,1407,0.16918455064296722
0.001,6156,896,4,1.0,0.0013895429437980056,6055,4.3,-0.4346953200000001,1411,0.1895723193883896
0.001,6171,900,4,1.0,0.0011190505465492606,6070,4.23,-0.4239533100000001,1414,0.14399662613868713
0.001,6187,904,4,1.0,0.0010153497569262981,6086,4.25,-0.42579648999999997,1418,0.189651757478714
0.001,6200,908,4,1.0,0.0015314286574721336,6099,4.22,-0.42405153,1421,0.19073989987373352
0.001,6218,912,4,1.0,0.0018612525891512632,6117,4.3,-0.43779631,1425,0.19306272268295288
0.001,6230,916,4,1.0,0.001372008235193789,6129,4.23,-0.43065013,1428,0.1804797500371933
0.001,6249,920,4,1.0,0.0016049835830926895,6148,4.22,-0.43137978,1434,0.1605611890554428
0.001,6267,924,4,1.0,0.0013040679041296244,6166,4.06,-0.41424412,1437,0.20210792124271393
0.001,6285,928,4,1.0,0.001150934025645256,6184,4.01,-0.40765667,1439,0.17362496256828308
0.001,6303,932,4,1.0,0.0011430527083575726,6202,4.05,-0.41369003000000004,1444,0.1759422868490219
0.001,6322,936,4,1.0,0.0011479425011202693,6221,4.1,-0.41809601,1447,0.1776800900697708
0.001,6354,940,4,1.0,0.001046391436830163,6253,4.23,-0.43060851000000006,1454,0.17494848370552063
0.001,6385,944,4,1.0,0.0008463567937724292,6284,4.42,-0.44883235,1461,0.16822439432144165
0.001,6400,948,4,1.0,0.0013870415277779102,6299,4.31,-0.43724428,1464,0.15635257959365845
0.001,6416,952,4,1.0,0.0009988162200897932,6315,4.28,-0.43228004999999997,1470,0.1956561654806137
0.001,6437,956,4,1.0,0.0009656344191171229,6336,4.35,-0.4430270800000001,1477,0.15799188613891602
0.001,6449,960,4,1.0,0.0011958058457821608,6348,4.34,-0.44158976000000005,1480,0.20456565916538239
0.001,6466,964,4,1.0,0.0022820509038865566,6365,4.36,-0.4423129599999999,1484,0.18184202909469604
0.001,6479,968,4,1.0,0.002061045728623867,6378,4.38,-0.44656406000000004,1486,0.21217502653598785
0.001,6497,972,4,1.0,0.0013713808730244637,6396,4.41,-0.44993655000000005,1488,0.18382702767848969
0.001,6510,976,4,1.0,0.0011403202079236507,6409,4.38,-0.4456861,1491,0.22319941222667694
0.001,6525,980,4,1.0,0.0011841155355796218,6424,4.36,-0.44147445999999996,1493,0.2035791128873825
0.001,6543,984,4,1.0,0.0012959848390892148,6442,4.36,-0.44250229,1496,0.16834020614624023
0.001,6559,988,4,1.0,0.0011534466175362468,6458,4.36,-0.43962365,1500,0.20634645223617554
0.001,6574,992,4,1.0,0.0011175430845469236,6473,4.35,-0.43813964,1504,0.18181069195270538
0.001,6590,996,4,1.0,0.000980313983745873,6489,4.34,-0.43796280000000004,1508,0.1728757619857788
0.001,6604,1000,4,1.0,0.0009598244214430451,6503,4.33,-0.43942687999999996,1512,0.21909520030021667
0.001,6625,1004,4,1.0,0.001338447560556233,6524,4.38,-0.44811966999999997,1515,0.1757436990737915
0.001,6688,1008,4,0.99,0.0008401890518143773,6587,4.88,-0.48451515,1535,0.178299680352211
0.001,6706,1012,4,0.99,0.0010505110258236527,6605,4.88,-0.48568948999999995,1538,0.1653270572423935
0.001,6724,1016,4,0.99,0.0011111986823379993,6623,4.94,-0.4912567100000001,1542,0.15290376543998718
0.001,6741,1020,4,0.99,0.0014688262017443776,6640,4.92,-0.48598028,1549,0.23137995600700378
0.001,6759,1024,4,0.99,0.001192075782455504,6658,4.92,-0.48626289,1554,0.16093426942825317
0.001,6778,1028,4,0.99,0.0009723284747451544,6677,4.93,-0.48255757999999993,1559,0.17125427722930908
0.001,6788,1032,4,0.99,0.0010739888530224562,6687,4.85,-0.4729003599999999,1562,0.2026873379945755
0.001,6807,1036,4,0.99,0.0014923018170520663,6706,4.85,-0.47166174999999994,1567,0.2097412496805191
0.001,6824,1040,4,0.99,0.0013193623162806034,6723,4.7,-0.45799691000000003,1572,0.1419912874698639
0.001,6844,1044,4,0.99,0.001360071124508977,6743,4.59,-0.45036615,1576,0.19134458899497986
0.001,6861,1048,4,0.99,0.0012340096291154623,6760,4.61,-0.45443776,1580,0.17730814218521118
0.001,6875,1052,4,0.99,0.0010614547645673156,6774,4.59,-0.45218160999999996,1582,0.1665426641702652
0.001,6889,1056,4,0.99,0.0012281625531613827,6788,4.52,-0.44136490999999994,1588,0.1814616322517395
0.001,6902,1060,4,0.99,0.0013820610474795103,6801,4.53,-0.44506505,1591,0.20401716232299805
0.001,6915,1064,4,0.99,0.0011713291751220822,6814,4.49,-0.44257793,1594,0.15510591864585876
0.001,6929,1068,4,0.99,0.0012758058728650212,6828,4.5,-0.4426808099999999,1596,0.17984478175640106
0.001,6951,1072,4,0.99,0.0008800852810963988,6850,4.54,-0.45282446,1602,0.14938020706176758
0.001,6965,1076,4,0.99,0.0009743985719978809,6864,4.55,-0.45672993999999995,1604,0.1737353503704071
0.001,6987,1080,4,0.99,0.0011338721960783005,6886,4.62,-0.4701902499999999,1614,0.1460174173116684
0.001,7004,1084,4,0.99,0.0011244246270507574,6903,4.61,-0.4668988799999999,1617,0.15287451446056366
0.001,7019,1088,4,0.99,0.0009593795984983444,6918,4.6,-0.46699142999999993,1619,0.17918364703655243
0.001,7034,1092,4,0.99,0.0012431202922016382,6933,4.6,-0.4684372499999999,1621,0.19811971485614777
0.001,7048,1096,4,0.99,0.0010814245324581861,6947,4.58,-0.46309042999999994,1624,0.191890686750412
0.001,7060,1100,4,0.99,0.0012108938535675406,6959,4.56,-0.46016455,1627,0.17264898121356964
0.001,7083,1104,4,0.99,0.0013312804512679577,6982,4.58,-0.46364422000000005,1632,0.18479609489440918
0.001,7104,1108,4,1.0,0.0014294350985437632,7003,4.16,-0.44220101000000006,1636,0.2084956169128418
0.001,7119,1112,4,1.0,0.0013375788694247603,7018,4.13,-0.43801055,1638,0.21682153642177582
0.001,7143,1116,4,1.0,0.0011327319080010056,7042,4.19,-0.4466135200000001,1642,0.17523370683193207
0.001,7163,1120,4,1.0,0.0016917639877647161,7062,4.22,-0.44761690000000004,1645,0.20808544754981995
0.001,7182,1124,4,1.0,0.0013106055557727814,7081,4.23,-0.44948646,1648,0.2509578764438629
0.001,7204,1128,4,1.0,0.001322322292253375,7103,4.26,-0.45475732999999996,1654,0.16502082347869873
0.001,7222,1132,4,1.0,0.0013589453883469105,7121,4.34,-0.46866150000000006,1657,0.17790821194648743
0.001,7242,1136,4,1.0,0.0015638304175809026,7141,4.35,-0.47612911,1660,0.2205601930618286
0.001,7264,1140,4,1.0,0.0012662166263908148,7163,4.4,-0.48690971999999993,1666,0.15676560997962952
0.001,7286,1144,4,1.0,0.0011784693924710155,7185,4.42,-0.48656688000000003,1670,0.2018909603357315
0.001,7302,1148,4,1.0,0.0009543398045934737,7201,4.41,-0.48057991,1674,0.16250748932361603
0.001,7313,1152,4,1.0,0.0012466502375900745,7212,4.38,-0.47417116,1677,0.170737162232399
0.001,7330,1156,4,1.0,0.0014275454450398684,7229,4.41,-0.47889068,1681,0.1427733302116394
0.001,7347,1160,4,1.0,0.001473558833822608,7246,4.45,-0.48494782999999997,1685,0.1805465668439865
0.001,7363,1164,4,1.0,0.0014148312620818615,7262,4.48,-0.4864360399999999,1689,0.15389390289783478
0.001,7382,1168,4,1.0,0.0010367620270699263,7281,4.53,-0.49630507,1694,0.20647665858268738
0.001,7394,1172,4,1.0,0.001013773726299405,7293,4.43,-0.47669217,1700,0.17436392605304718
0.001,7414,1176,4,1.0,0.0012266854755580425,7313,4.49,-0.48864061000000014,1710,0.1818373203277588
0.001,7433,1180,4,1.0,0.001481679966673255,7332,4.46,-0.48393076000000007,1716,0.20328272879123688
0.001,7450,1184,4,1.0,0.0012709100265055895,7349,4.46,-0.48976881000000005,1722,0.17163434624671936
0.001,7467,1188,4,1.0,0.0014347881078720093,7366,4.48,-0.49207859000000004,1727,0.2051514983177185
0.001,7478,1192,4,1.0,0.0011921040713787079,7377,4.44,-0.48441740999999994,1728,0.15247350931167603
0.001,7495,1196,4,1.0,0.0015730040613561869,7394,4.47,-0.4917381,1732,0.1973572075366974
0.001,7513,1200,4,1.0,0.0015316724311560392,7412,4.53,-0.50471099,1736,0.18486341834068298
0.001,7535,1204,4,1.0,0.001143749337643385,7434,4.52,-0.5044791800000001,1740,0.19898268580436707
0.001,7548,1208,4,1.0,0.001533066388219595,7447,4.44,-0.4890028,1744,0.14392662048339844
0.001,7563,1212,4,1.0,0.0010928031988441944,7462,4.44,-0.48592479,1747,0.17625460028648376
0.001,7583,1216,4,1.0,0.0013322968734428287,7482,4.4,-0.4814442100000001,1749,0.18185065686702728
0.001,7594,1220,4,1.0,0.0011462683323770761,7493,4.31,-0.47285254000000004,1753,0.166347935795784
0.001,7619,1224,4,1.0,0.0011323192156851292,7518,4.37,-0.4815236599999999,1758,0.18200501799583435
0.001,7637,1228,4,1.0,0.0018001184798777103,7536,4.33,-0.47476119000000006,1762,0.23703312873840332
0.001,7653,1232,4,1.0,0.0012326652649790049,7552,4.31,-0.46735720000000003,1765,0.19707229733467102
0.001,7676,1236,4,1.0,0.0010177257936447859,7575,4.34,-0.46558093999999994,1770,0.1573038250207901
0.001,7696,1240,4,1.0,0.0009780656546354294,7595,4.32,-0.4606818,1773,0.16873204708099365
0.001,7708,1244,4,1.0,0.0010357415303587914,7607,4.22,-0.45115611,1774,0.16731244325637817
0.001,7728,1248,4,1.0,0.0009998970199376345,7627,4.26,-0.45631756,1779,0.16488103568553925
0.001,7743,1252,4,1.0,0.0012561918701976538,7642,4.3,-0.46494694,1783,0.1957673579454422
0.001,7762,1256,4,1.0,0.0014224523911252618,7661,4.32,-0.46260460999999997,1787,0.19664138555526733
0.001,7785,1260,4,1.0,0.001079895650036633,7684,4.38,-0.4677740799999999,1792,0.19725941121578217
0.001,7806,1264,4,1.0,0.0009189309785142541,7705,4.43,-0.47670303999999997,1796,0.1790676862001419
0.001,7821,1268,4,1.0,0.0012313064653426409,7720,4.39,-0.46782326999999996,1798,0.17721424996852875
0.001,7839,1272,4,1.0,0.001192015828564763,7738,4.45,-0.47403917999999995,1803,0.18290527164936066
0.001,7850,1276,4,1.0,0.0009986856020987034,7749,4.36,-0.45785323000000006,1806,0.15831533074378967
0.001,7880,1280,4,1.0,0.0009211450233124197,7779,4.47,-0.46178394999999994,1811,0.16364452242851257
0.001,7898,1284,4,1.0,0.001297864830121398,7797,4.48,-0.45482353,1815,0.18777570128440857
0.001,7912,1288,4,1.0,0.00102123967371881,7811,4.45,-0.45265774000000003,1817,0.17608800530433655
0.001,7931,1292,4,1.0,0.001505326246842742,7830,4.53,-0.46559894999999996,1820,0.18268968164920807
0.001,7950,1296,4,1.0,0.001375701860524714,7849,4.55,-0.46671009999999996,1825,0.2007136046886444
0.001,7966,1300,4,1.0,0.001610822044312954,7865,4.53,-0.45726504000000007,1830,0.15777264535427094
0.001,7982,1304,4,1.0,0.0011511137709021568,7881,4.47,-0.4462450300000001,1833,0.191185861825943
0.001,7999,1308,4,1.0,0.0011204280890524387,7898,4.51,-0.4551958199999999,1838,0.18287907540798187
0.001,8013,1312,4,1.0,0.0015357984229922295,7912,4.5,-0.45444956999999997,1844,0.17233644425868988
0.001,8030,1316,4,1.0,0.0011384187964722514,7929,4.47,-0.44721897999999993,1846,0.19985200464725494
0.001,8048,1320,4,1.0,0.0010314506944268942,7947,4.54,-0.45359833999999993,1849,0.157303586602211
0.001,8058,1324,4,1.0,0.001017087372019887,7957,4.39,-0.43034701,1851,0.18369010090827942
0.001,8076,1328,4,1.0,0.000995878828689456,7975,4.39,-0.43781217999999994,1857,0.16559059917926788
0.001,8090,1332,4,1.0,0.001222793711349368,7989,4.37,-0.43436727,1860,0.17995259165763855
0.001,8103,1336,4,1.0,0.0012544397031888366,8002,4.27,-0.42367358000000005,1863,0.18568181991577148
0.001,8122,1340,4,1.0,0.0011704267235472798,8021,4.26,-0.42109009000000003,1867,0.15897932648658752
0.001,8139,1344,4,1.0,0.0014031619066372514,8038,4.31,-0.42823051000000006,1871,0.18978089094161987
0.001,8152,1348,4,1.0,0.0010861419141292572,8051,4.24,-0.4203539499999999,1874,0.16757316887378693
0.001,8172,1352,4,1.0,0.0012275241315364838,8071,4.29,-0.4312222899999999,1877,0.14620433747768402
0.001,8193,1356,4,1.0,0.0014987890608608723,8092,4.31,-0.43782472000000006,1879,0.18033713102340698
0.001,8211,1360,4,1.0,0.0010867411037907004,8110,4.26,-0.43353734000000005,1883,0.15940599143505096
0.001,8227,1364,4,1.0,0.0009568347013555467,8126,4.21,-0.42548022999999996,1886,0.16915297508239746
0.001,8247,1368,4,1.0,0.0010174743365496397,8146,4.26,-0.43676103,1891,0.18513432145118713
0.001,8265,1372,4,1.0,0.0015109940432012081,8164,4.26,-0.43814511,1897,0.18909339606761932
0.001,8284,1376,4,1.0,0.001712676603347063,8183,4.34,-0.44845065999999995,1902,0.19535407423973083
0.001,8302,1380,4,1.0,0.001273132860660553,8201,4.22,-0.43950432,1906,0.19819986820220947
0.001,8322,1384,4,1.0,0.0012451405636966228,8221,4.24,-0.45036383999999996,1913,0.1395276039838791
0.001,8340,1388,4,1.0,0.0011892683105543256,8239,4.28,-0.45523355000000004,1918,0.19156569242477417
0.001,8357,1392,4,1.0,0.0015829593176022172,8256,4.26,-0.4540973000000001,1926,0.16961245238780975
0.001,8371,1396,4,1.0,0.0012679224601015449,8270,4.21,-0.44906923,1931,0.2362229824066162
0.001,8383,1400,4,1.0,0.0011449605226516724,8282,4.17,-0.44459303000000006,1936,0.17205289006233215
0.001,8405,1404,4,1.0,0.001016068272292614,8304,4.23,-0.4531250399999999,1941,0.2011360228061676
0.001,8423,1408,4,1.0,0.0011670480016618967,8322,4.24,-0.4492463599999999,1944,0.20749588310718536
0.001,8440,1412,4,1.0,0.0009108439553529024,8339,4.27,-0.45110521,1948,0.1728527694940567
0.001,8459,1416,4,1.0,0.0015062796883285046,8358,4.29,-0.45855519,1952,0.15740667283535004
0.001,8525,1420,4,0.99,0.0010345205664634705,8424,4.77,-0.4935988100000001,1966,0.1525670439004898
0.001,8537,1424,4,0.99,0.0013558650389313698,8436,4.79,-0.49547831000000003,1970,0.17225688695907593
0.001,8556,1428,4,0.99,0.0009799731196835637,8455,4.8,-0.49333911,1974,0.1712290346622467
0.001,8571,1432,4,0.99,0.0008960958220995963,8470,4.81,-0.49276855999999997,1976,0.13685637712478638
0.001,8586,1436,4,0.99,0.0009658217895776033,8485,4.83,-0.49507039999999997,1979,0.19295887649059296
0.001,8604,1440,4,0.99,0.0011035038623958826,8503,4.82,-0.49732291999999995,1982,0.19153043627738953
0.001,8626,1444,4,0.99,0.0013652072520926595,8525,4.87,-0.50494267,1985,0.15495328605175018
0.001,8647,1448,4,0.99,0.0010243962751701474,8546,4.95,-0.5152977899999999,1988,0.15213888883590698
0.001,8667,1452,4,0.99,0.0008450080640614033,8566,4.95,-0.51317044,1990,0.1750868558883667
0.001,8677,1456,4,0.99,0.0009485975024290383,8576,4.84,-0.49945093,1992,0.1624106466770172
0.001,8692,1460,4,0.99,0.0017248860094696283,8591,4.81,-0.49615620000000005,1994,0.17978928983211517
0.001,8710,1464,4,0.99,0.0010541081428527832,8609,4.83,-0.5019967500000001,1997,0.1750767081975937
0.001,8732,1468,4,0.99,0.0011272511910647154,8631,4.85,-0.4991810199999999,2000,0.19052483141422272
0.001,8743,1472,4,0.99,0.0011767013929784298,8642,4.78,-0.49028267999999997,2003,0.1544870138168335
0.001,8800,1476,4,0.99,0.0009360685362480581,8699,5.16,-0.5096918500000001,2017,0.13624122738838196
0.001,8816,1480,4,0.99,0.0010756334522739053,8715,5.14,-0.5083737100000001,2022,0.16906893253326416
0.001,8829,1484,4,0.99,0.002173421438783407,8728,5.07,-0.4945732300000001,2024,0.19642667472362518
0.001,8839,1488,4,0.99,0.0011148853227496147,8738,4.99,-0.48336566999999997,2027,0.15231333673000336
0.001,8856,1492,4,0.99,0.001239496748894453,8755,4.99,-0.4815286599999999,2031,0.1630338430404663
0.001,8867,1496,4,0.99,0.0013522680383175611,8766,4.96,-0.47536475999999994,2033,0.17539474368095398
0.001,8883,1500,4,0.99,0.002224092837423086,8782,5.0,-0.48234723,2038,0.1834675818681717
0.001,8901,1504,4,0.99,0.0010828357189893723,8800,4.96,-0.47423453000000004,2041,0.17912116646766663
0.001,8915,1508,4,0.99,0.0010031101992353797,8814,4.92,-0.47245439,2043,0.14398406445980072
0.001,8930,1512,4,0.99,0.0009350262116640806,8829,4.9,-0.47434845,2046,0.15835508704185486
0.001,8950,1516,4,0.99,0.0010748922359198332,8849,4.91,-0.47622742999999984,2049,0.16508430242538452
0.001,8966,1520,4,1.0,0.0011312818387523293,8865,4.41,-0.4401494899999999,2052,0.16516482830047607
0.001,8989,1524,4,1.0,0.001038282411172986,8888,4.52,-0.46422691,2056,0.16761399805545807
0.001,9009,1528,4,1.0,0.0009928650688380003,8908,4.53,-0.46317743,2059,0.19231247901916504
0.001,9022,1532,4,1.0,0.0015806846786290407,8921,4.51,-0.4625428800000001,2061,0.16662009060382843
0.001,9040,1536,4,1.0,0.0013218491803854704,8939,4.54,-0.4679855599999999,2064,0.18450070917606354
0.001,9055,1540,4,1.0,0.0015895005781203508,8954,4.51,-0.46053216999999996,2066,0.17075663805007935
0.001,9073,1544,4,1.0,0.0009585719672031701,8972,4.47,-0.45473571000000007,2069,0.16400329768657684
0.001,9088,1548,4,1.0,0.002822462935000658,8987,4.41,-0.4459099299999999,2071,0.17518292367458344
0.001,9109,1552,4,1.0,0.0009515469428151846,9008,4.42,-0.4429031599999999,2074,0.14424440264701843
0.001,9128,1556,4,1.0,0.0011478083906695247,9027,4.51,-0.45788536999999996,2078,0.17679256200790405
0.001,9145,1560,4,1.0,0.001059897942468524,9044,4.53,-0.45986161000000003,2082,0.15071257948875427
0.001,9161,1564,4,1.0,0.0011222742032259703,9060,4.51,-0.45546666,2086,0.17127259075641632
0.001,9178,1568,4,1.0,0.0012586205266416073,9077,4.46,-0.45044167,2090,0.16904811561107635
0.001,9196,1572,4,1.0,0.0010160881793126464,9095,4.53,-0.45765961,2093,0.1989755779504776
0.001,9213,1576,4,1.0,0.0010356649290770292,9112,4.13,-0.43433416,2096,0.14648902416229248
0.001,9280,1580,4,0.99,0.0011665676720440388,9179,4.64,-0.47258295000000006,2112,0.1768520176410675
0.001,9297,1584,4,0.99,0.001088588498532772,9196,4.68,-0.47917897000000004,2116,0.193558007478714
0.001,9317,1588,4,0.99,0.0013959640637040138,9216,4.78,-0.49183058,2120,0.16930663585662842
0.001,9336,1592,4,0.99,0.0008985825115814805,9235,4.8,-0.49361951000000004,2125,0.18088674545288086
0.001,9350,1596,4,0.99,0.0009395249653607607,9249,4.83,-0.50306036,2129,0.2055594027042389
0.001,9367,1600,4,0.99,0.000818488304503262,9266,4.84,-0.50368221,2132,0.15131080150604248
0.001,9382,1604,4,0.99,0.0010660949628800154,9281,4.81,-0.5024583800000001,2135,0.2070077359676361
0.001,9394,1608,4,0.99,0.0011452266480773687,9293,4.79,-0.4966540800000001,2141,0.19558154046535492
0.001,9407,1612,4,0.99,0.0036490359343588352,9306,4.77,-0.4907191,2146,0.20256532728672028
0.001,9423,1616,4,0.99,0.001360875554382801,9322,4.73,-0.48104978,2152,0.20890800654888153
0.001,9437,1620,4,0.99,0.002527205739170313,9336,4.71,-0.47725823,2157,0.225381001830101
0.001,9457,1624,4,0.99,0.001309376209974289,9356,4.68,-0.46965325,2160,0.16812250018119812
0.001,9479,1628,4,0.99,0.0013060306664556265,9378,4.7,-0.47265643999999996,2164,0.17526976764202118
0.001,9500,1632,4,0.99,0.0018205326050519943,9399,4.78,-0.48793464999999997,2167,0.13584554195404053
0.001,9511,1636,4,0.99,0.0009460533037781715,9410,4.71,-0.47785983000000004,2175,0.1681872457265854
0.001,9529,1640,4,0.99,0.0010225961450487375,9428,4.74,-0.48065431000000003,2181,0.15372224152088165
0.001,9544,1644,4,0.99,0.0010543763637542725,9443,4.71,-0.47710073000000003,2183,0.17790918052196503
0.001,9561,1648,4,0.99,0.0010390834650024772,9460,4.73,-0.48028262,2186,0.18624921143054962
0.001,9579,1652,4,0.99,0.001136002829298377,9478,4.7,-0.4754377,2188,0.16628842055797577
0.001,9596,1656,4,0.99,0.0007351798703894019,9495,4.68,-0.46926840999999997,2191,0.16904959082603455
0.001,9609,1660,4,0.99,0.0011226539500057697,9508,4.64,-0.46274985,2193,0.17615489661693573
0.001,9624,1664,4,0.99,0.0012186486274003983,9523,4.63,-0.46160986000000004,2195,0.20257826149463654
0.001,9639,1668,4,0.99,0.0009593467693775892,9538,4.61,-0.4612865200000001,2198,0.15475994348526
0.001,9657,1672,4,0.99,0.0009851722279563546,9556,4.61,-0.4659043200000001,2200,0.14152517914772034
0.001,9672,1676,4,0.99,0.0012335570063441992,9571,4.59,-0.46209775999999997,2202,0.18024562299251556
0.001,9689,1680,4,1.0,0.0013037561438977718,9588,4.09,-0.42613277000000005,2206,0.19510385394096375
0.001,9704,1684,4,1.0,0.0011575337266549468,9603,4.07,-0.42244685,2209,0.15353931486606598
0.001,9717,1688,4,1.0,0.0008726655505597591,9616,4.0,-0.4116812899999999,2211,0.14944930374622345
0.001,9729,1692,4,1.0,0.0009961954783648252,9628,3.93,-0.40362138000000003,2213,0.1841694861650467
0.001,9747,1696,4,1.0,0.0013168570585548878,9646,3.97,-0.40014117000000005,2218,0.17697381973266602
0.001,9768,1700,4,1.0,0.001216615317389369,9667,4.01,-0.40390335000000005,2223,0.1612357497215271
0.001,9786,1704,4,1.0,0.0010936891194432974,9685,4.04,-0.41031747,2229,0.129052072763443
0.001,9806,1708,4,1.0,0.001005436759442091,9705,4.12,-0.42234721000000003,2234,0.17053109407424927
0.001,9824,1712,4,1.0,0.0010077838087454438,9723,4.17,-0.43381133000000005,2237,0.16717985272407532
0.001,9842,1716,4,1.0,0.0009593911818228662,9741,4.19,-0.43648525,2241,0.1853913813829422
0.001,9861,1720,4,1.0,0.0009798103710636497,9760,4.24,-0.44611374000000004,2247,0.17106221616268158
0.001,9877,1724,4,1.0,0.0012870773207396269,9776,4.2,-0.4388814499999999,2252,0.2053864598274231
0.001,9892,1728,4,1.0,0.001032751752063632,9791,4.13,-0.43111892999999996,2256,0.15359695255756378
0.001,9909,1732,4,1.0,0.001142451772466302,9808,4.09,-0.42425465999999995,2258,0.15679240226745605
0.001,9924,1736,4,1.0,0.0010118368081748486,9823,4.13,-0.43092976,2261,0.16049163043498993
0.001,9937,1740,4,1.0,0.0011057753581553698,9836,4.08,-0.42710979000000004,2264,0.17337282001972198
0.001,9959,1744,4,1.0,0.0011590837966650724,9858,4.15,-0.4322259400000001,2268,0.19242532551288605
0.001,9983,1748,4,1.0,0.0012360243126749992,9882,4.22,-0.44156056000000005,2273,0.18894709646701813
